symbol,trades,total_R,mean_R,median_R,win_rate,profit_factor,avg_hold,tp_rate,sl_rate,time_rate,expectancy_R,score
CTAS,65,42.65076297722626,0.6561655842650194,0.57854498631901,0.6615384615384615,3.407261960995595,22.015384615384615,0.23076923076923078,0.24615384615384617,0.5230769230769231,0.6561655842650194,5.290176065907497
DPZ,54,34.648635482305025,0.6416413978204635,0.4866614988585795,0.6296296296296297,3.1301764014863585,18.87037037037037,0.2777777777777778,0.2962962962962963,0.42592592592592593,0.6416413978204635,4.715082067518858
CBOE,53,34.317482241207586,0.647499664928445,0.4721074870626209,0.6226415094339622,3.1834725795395915,20.77358490566038,0.24528301886792453,0.2641509433962264,0.49056603773584906,0.647499664928445,4.713868713951395
MSFT,58,32.53241843255032,0.5609037660784538,0.4110141269189748,0.6379310344827587,2.983467302092624,22.310344827586206,0.1896551724137931,0.25862068965517243,0.5517241379310345,0.5609037660784538,4.2717158166780695
DELL,21,19.56104519158671,0.9314783424565101,0.7923737272908757,0.8571428571428571,7.520348397195569,22.38095238095238,0.2857142857142857,0.14285714285714285,0.5714285714285714,0.9314783424565101,4.268570012518955
MA,55,29.552452773533602,0.5373173231551565,0.6107573726541558,0.6909090909090909,2.955485437612012,23.09090909090909,0.16363636363636364,0.2545454545454545,0.5818181818181818,0.5373173231551565,3.984851919073563
CI,46,24.689497398363578,0.5367282043122517,0.2701167013354342,0.6086956521739131,2.479767024700748,19.304347826086957,0.2391304347826087,0.32608695652173914,0.43478260869565216,0.5367282043122517,3.640267792895969
WST,49,25.194570251139666,0.514174903084483,0.36771559185122915,0.5918367346938775,2.511154767778225,20.816326530612244,0.20408163265306123,0.30612244897959184,0.4897959183673469,0.514174903084483,3.599224321591381
HWM,30,19.700592014449914,0.6566864004816638,0.4213249465962356,0.6,2.756308113822903,16.9,0.3,0.36666666666666664,0.3333333333333333,0.6566864004816638,3.5968195475067866
ETR,44,23.48946231272425,0.5338514161982784,0.19481970580723243,0.5,2.3109435504311997,17.545454545454547,0.29545454545454547,0.38636363636363635,0.3181818181818182,0.5338514161982784,3.5411696826590964
ALGN,44,22.983483893774334,0.5223519066766894,0.2434224831485106,0.5681818181818182,2.447231553349811,20.954545454545453,0.22727272727272727,0.3181818181818182,0.45454545454545453,0.5223519066766894,3.4648905659466367
APO,57,26.09423830953968,0.4577936545533277,0.35802469135802406,0.5614035087719298,2.1926300159966146,20.210526315789473,0.22807017543859648,0.3684210526315789,0.40350877192982454,0.4577936545533277,3.4562662973951555
KKR,64,26.87869063840912,0.4199795412251425,0.04699271005296188,0.515625,2.1649687766765826,19.9375,0.234375,0.3125,0.453125,0.4199795412251425,3.35983632980114
MU,51,22.206039397307972,0.4354125372021171,0.3101424979044414,0.6274509803921569,2.566879489119179,23.58823529411765,0.1568627450980392,0.2549019607843137,0.5882352941176471,0.4354125372021171,3.1094674713191703
MNST,50,21.76004475653077,0.43520089513061544,0.3980570672103052,0.56,2.07115392643158,18.82,0.2,0.4,0.4,0.43520089513061544,3.077335041253137
FIS,48,21.24197158251011,0.4425410746356273,0.2473952168145156,0.5625,2.2674017340167185,22.6875,0.1875,0.2708333333333333,0.5416666666666666,0.4425410746356273,3.066014502820148
TRGP,52,21.94058443130553,0.4219343159866448,0.3428285357665184,0.5769230769230769,2.2612735436969222,22.96153846153846,0.17307692307692307,0.3076923076923077,0.5192307692307693,0.4219343159866448,3.0426116223353463
APH,66,24.582962401999556,0.37246912730302356,0.2651315977662073,0.6060606060606061,2.1157984070799265,21.757575757575758,0.10606060606060606,0.30303030303030304,0.5909090909090909,0.37246912730302356,3.025953494751004
EFX,53,22.015397892085684,0.4153848658884091,0.13965532636842612,0.5849056603773585,2.159078590216781,19.867924528301888,0.20754716981132076,0.3018867924528302,0.49056603773584906,0.4153848658884091,3.024047470011669
MAR,51,21.401063982846317,0.41962870554600623,0.2358779460819172,0.6078431372549019,2.297320430086044,22.58823529411765,0.1568627450980392,0.29411764705882354,0.5490196078431373,0.41962870554600623,2.9967483672188857
HII,43,19.487041614798358,0.45318701429763625,0.49630314232902106,0.5581395348837209,2.2396570220887058,21.674418604651162,0.16279069767441862,0.32558139534883723,0.5116279069767442,0.45318701429763625,2.971745986268721
INCY,36,17.78436120028199,0.49401003334116633,0.1802305794502651,0.5833333333333334,2.3493918141870784,19.47222222222222,0.2222222222222222,0.3333333333333333,0.4444444444444444,0.49401003334116633,2.964060200046998
GD,54,21.155094543036938,0.3917610100562396,0.1612930811905835,0.5740740740740741,2.195704825025287,21.796296296296298,0.16666666666666666,0.2962962962962963,0.5370370370370371,0.3917610100562396,2.878843727265409
LRCX,56,21.419157723025357,0.38248495933973853,0.17894685713960312,0.5714285714285714,2.017807744415626,19.839285714285715,0.16071428571428573,0.35714285714285715,0.48214285714285715,0.38248495933973853,2.8622553468869265
NI,54,20.984106584849282,0.38859456638609785,0.3999252217474768,0.5740740740740741,1.9668018786017023,19.185185185185187,0.2037037037037037,0.3888888888888889,0.4074074074074074,0.38859456638609785,2.8555752133920707
HIG,61,22.283007129556655,0.36529519884519107,0.04156677908252389,0.5081967213114754,1.9544466702629413,19.34426229508197,0.18032786885245902,0.32786885245901637,0.4918032786885246,0.36529519884519107,2.8530467083909103
TPL,41,18.196737908618093,0.4438228758199535,0.2394899453512877,0.5121951219512195,2.1853403631049617,18.75609756097561,0.21951219512195122,0.3170731707317073,0.4634146341463415,0.4438228758199535,2.8418530132898936
GDDY,31,15.341807646565016,0.494897020856936,0.26516853932584267,0.6129032258064516,2.8871578905337283,24.419354838709676,0.22580645161290322,0.22580645161290322,0.5483870967741935,0.494897020856936,2.755469995997994
FTNT,46,18.542998241612736,0.4031086574263638,0.33218382697336113,0.6304347826086957,2.182654380912968,21.08695652173913,0.17391304347826086,0.32608695652173914,0.5,0.4031086574263638,2.7340159337201997
JNJ,44,17.924851477123383,0.4073829881164405,0.0814778130146909,0.5,1.9854219288549297,20.477272727272727,0.22727272727272727,0.36363636363636365,0.4090909090909091,0.4073829881164405,2.702273035112092
PM,43,17.707979416719365,0.4118134748074271,0.2554112554112546,0.5348837209302325,2.132686227267023,20.25581395348837,0.23255813953488372,0.3023255813953488,0.46511627906976744,0.4118134748074271,2.7004415445288936
GILD,29,14.516334966874268,0.5005632747198023,0.33131996456470864,0.6206896551724138,2.3656265618938566,21.413793103448278,0.20689655172413793,0.3448275862068966,0.4482758620689655,0.5005632747198023,2.69561573076508
LHX,56,19.95969164358147,0.35642306506395477,0.34238762332613715,0.5892857142857143,2.0004671264180685,20.428571428571427,0.14285714285714285,0.3392857142857143,0.5178571428571429,0.35642306506395477,2.6672259884263108
AAPL,57,20.05650325945563,0.3518684782360637,0.14071229974844382,0.543859649122807,1.87885169405373,20.140350877192983,0.17543859649122806,0.3684210526315789,0.45614035087719296,0.3518684782360637,2.65654875367295
NFLX,62,20.87803476089147,0.3367424961434108,0.1928776160223056,0.5161290322580645,1.8527308224831494,19.0,0.1935483870967742,0.3709677419354839,0.43548387096774194,0.3367424961434108,2.6515130661476083
DIS,44,17.39315378961286,0.39529894976392865,0.1608768648270787,0.5909090909090909,2.082909358823479,20.363636363636363,0.18181818181818182,0.3409090909090909,0.4772727272727273,0.39529894976392865,2.622116592776999
AVGO,59,20.104552230542232,0.34075512255156326,0.2607376656554385,0.559322033898305,1.9083383855049685,19.338983050847457,0.15254237288135594,0.3559322033898305,0.4915254237288136,0.34075512255156326,2.6173897606513865
MCO,65,20.98851399063944,0.32290021524060675,0.07241200400033145,0.5384615384615384,1.859145316796823,21.307692307692307,0.13846153846153847,0.35384615384615387,0.5076923076923077,0.32290021524060675,2.603304762250851
TEL,59,19.893484534303177,0.3371777039712403,0.03384996351898163,0.5084745762711864,1.8503473441896663,20.423728813559322,0.1864406779661017,0.3389830508474576,0.4745762711864407,0.3371777039712403,2.5899110871347926
MMM,51,18.49229741345878,0.3625940669305643,0.3014721345951638,0.5882352941176471,2.0153046055406314,20.372549019607842,0.11764705882352941,0.3333333333333333,0.5490196078431373,0.3625940669305643,2.5894395775989008
TMUS,50,18.298489273104824,0.36596978546209646,0.10640673736743658,0.52,1.984040650546376,21.38,0.12,0.32,0.56,0.36596978546209646,2.587797170096344
NOW,51,18.32863659492488,0.3593850312730369,0.20729684908789384,0.5686274509803921,1.9753134562026484,22.941176470588236,0.1568627450980392,0.3333333333333333,0.5098039215686274,0.3593850312730369,2.566522479126027
V,65,20.58712681707925,0.31672502795506535,0.18941760058791093,0.5538461538461539,1.8494991818616975,21.923076923076923,0.13846153846153847,0.3384615384615385,0.5230769230769231,0.31672502795506535,2.5535188107108002
FI,58,19.414802548825435,0.3347379749797489,0.22481248240022586,0.5517241379310345,1.931200588602,22.189655172413794,0.13793103448275862,0.3275862068965517,0.5344827586206896,0.3347379749797489,2.5492884673621177
RVTY,45,16.808947431373056,0.37353216514162346,0.12858476724023069,0.5111111111111111,2.0451069226090364,20.333333333333332,0.2,0.28888888888888886,0.5111111111111111,0.37353216514162346,2.5057299391180425
NDAQ,56,18.686597466606013,0.3336892404751074,0.24183203089140468,0.5535714285714286,1.8627927459300384,21.482142857142858,0.125,0.3392857142857143,0.5357142857142857,0.3336892404751074,2.497101623021343
AMD,41,15.800928721560963,0.38538850540392594,-1.0,0.4878048780487805,1.7524251772171888,15.390243902439025,0.2682926829268293,0.5121951219512195,0.21951219512195122,0.38538850540392594,2.4676904797798986
ODFL,54,17.87751173184208,0.3310650320711496,0.20391134357185653,0.5370370370370371,1.8816485989950404,20.074074074074073,0.14814814814814814,0.3148148148148148,0.5370370370370371,0.3310650320711496,2.432821200757395
DD,53,17.657006547317586,0.3331510669305205,0.12614711567809447,0.5094339622641509,1.8252675436903067,19.452830188679247,0.18867924528301888,0.33962264150943394,0.4716981132075472,0.3331510669305205,2.425376376985238
NOC,54,17.815525050116094,0.32991713055770544,0.3177143528698964,0.5185185185185185,1.8259720942347015,19.87037037037037,0.16666666666666666,0.35185185185185186,0.48148148148148145,0.32991713055770544,2.4243858818086745
META,59,18.361605696453562,0.31121365587209426,0.13613360323886634,0.559322033898305,1.8745752205649322,21.677966101694917,0.1694915254237288,0.3220338983050847,0.5084745762711864,0.31121365587209426,2.390477449480581
HCA,58,18.160823000610847,0.31311763794156633,0.14665772186983989,0.5344827586206896,1.8536431261492463,21.32758620689655,0.13793103448275862,0.3448275862068966,0.5172413793103449,0.31311763794156633,2.3846328860070134
STZ,49,16.548667801226106,0.33772791431073684,0.20280895829944173,0.5714285714285714,1.9124800911939785,20.3265306122449,0.16326530612244897,0.3469387755102041,0.4897959183673469,0.33772791431073684,2.3640954001751577
CME,56,17.68181749805987,0.3157467410367834,-0.15557595011493727,0.4642857142857143,1.768513541440146,20.803571428571427,0.16071428571428573,0.3392857142857143,0.5,0.3157467410367834,2.3628322519001586
CDW,47,15.87168741342742,0.3376954768814345,-0.074698594035084,0.48936170212765956,1.8888011257326143,18.872340425531913,0.2127659574468085,0.3404255319148936,0.44680851063829785,0.3376954768814345,2.3151235496168305
HLT,45,15.453298305648145,0.3434066290144032,0.07928994082840073,0.5333333333333333,1.9174732249195274,22.57777777777778,0.13333333333333333,0.3111111111111111,0.5555555555555556,0.3434066290144032,2.3036416992007718
AMP,51,16.433729316774805,0.32222998660342755,0.2653351136148864,0.6078431372549019,2.006428678166877,23.980392156862745,0.09803921568627451,0.27450980392156865,0.6274509803921569,0.32222998660342755,2.3011823868586996
LLY,46,15.488047053936569,0.3366966750855776,0.03659217943799657,0.5,1.7716111674089976,18.456521739130434,0.1956521739130435,0.41304347826086957,0.391304347826087,0.3366966750855776,2.2835879546514994
RSG,56,17.022435978648456,0.30397207104729385,0.16594636559722012,0.5535714285714286,1.8987628028896142,23.857142857142858,0.14285714285714285,0.25,0.6071428571428571,0.30397207104729385,2.2747186900141605
KR,45,15.173515517613337,0.3371892337247408,0.2597053365147889,0.5111111111111111,1.9080133466867575,19.31111111111111,0.17777777777777778,0.3333333333333333,0.4888888888888889,0.3371892337247408,2.2619341436687552
COST,57,16.998196384943576,0.29821397166567676,0.13792488179141688,0.543859649122807,1.769768367540936,21.0,0.17543859649122806,0.3333333333333333,0.49122807017543857,0.29821397166567676,2.251466112360382
PKG,62,17.692145582448994,0.28535718681369343,0.01624734227801143,0.5,1.7234347357467885,22.225806451612904,0.14516129032258066,0.3387096774193548,0.5161290322580645,0.28535718681369343,2.2469047358768814
DXCM,46,15.175759992835935,0.329907825931216,-0.01386492741024628,0.5,1.769299221203882,18.934782608695652,0.21739130434782608,0.391304347826087,0.391304347826087,0.329907825931216,2.237543739480958
NXPI,61,17.404893408047496,0.2853261214434016,-0.00935684366977415,0.4918032786885246,1.7405114446559582,20.75409836065574,0.19672131147540983,0.3442622950819672,0.45901639344262296,0.2853261214434016,2.22846824753103
LMT,45,14.930439181327001,0.33178753736282224,0.4640518552814353,0.5777777777777777,1.941976937798586,20.955555555555556,0.08888888888888889,0.3333333333333333,0.5777777777777777,0.33178753736282224,2.2256984628915655
EME,52,15.893928470593004,0.305652470588327,0.17753264864641113,0.5384615384615384,1.7072525528401854,19.346153846153847,0.11538461538461539,0.4230769230769231,0.46153846153846156,0.305652470588327,2.2040913103569237
WTW,42,14.115214736817169,0.33607654135278975,0.046768980787086224,0.5,1.7480856408772973,16.571428571428573,0.21428571428571427,0.42857142857142855,0.35714285714285715,0.33607654135278975,2.1780249193251766
CSX,56,16.219811544697684,0.28963949186960153,0.11021589875760585,0.5178571428571429,1.684882120634503,19.428571428571427,0.16071428571428573,0.4107142857142857,0.42857142857142855,0.28963949186960153,2.167463488510691
STT,50,15.316971300647506,0.3063394260129501,0.09417409770262979,0.52,1.8348341847681362,22.0,0.18,0.32,0.5,0.3063394260129501,2.166146854785517
SWKS,39,13.503762854121469,0.3462503295928582,0.2642426299307326,0.5897435897435898,1.9743482354084527,22.641025641025642,0.10256410256410256,0.3076923076923077,0.5897435897435898,0.3462503295928582,2.162332615252185
BX,56,16.10061661002884,0.28751101089337217,0.28346940188792724,0.5357142857142857,1.737185906718985,21.321428571428573,0.14285714285714285,0.375,0.48214285714285715,0.28751101089337217,2.151535395376058
CMS,52,15.402102705192831,0.29619428279216986,0.09198300209033626,0.5192307692307693,1.7491539627593717,21.96153846153846,0.1346153846153846,0.34615384615384615,0.5192307692307693,0.29619428279216986,2.1358873482128993
ANET,37,12.980543978839139,0.35082551294159836,0.34768211920529857,0.5135135135135135,1.793465594528605,20.243243243243242,0.21621621621621623,0.43243243243243246,0.35135135135135137,0.35082551294159836,2.1339882847938076
BLDR,52,14.991278275495278,0.2882938129902938,0.1516052803129072,0.5192307692307693,1.7756292136679621,20.307692307692307,0.1346153846153846,0.34615384615384615,0.5192307692307693,0.2882938129902938,2.0789162502710608
AME,56,15.460046319080048,0.276072255697858,0.050544482706140245,0.5,1.7135886868139443,21.678571428571427,0.17857142857142858,0.3392857142857143,0.48214285714285715,0.276072255697858,2.0659355896304694
PANW,46,13.99818996429089,0.30430847748458456,-0.003307204329884036,0.5,1.8156869852585602,20.130434782608695,0.13043478260869565,0.34782608695652173,0.5217391304347826,0.30430847748458456,2.0639205109628986
LNT,51,14.666557726066706,0.2875795632562099,0.23260501491574523,0.5098039215686274,1.6868394770905242,20.823529411764707,0.13725490196078433,0.37254901960784315,0.49019607843137253,0.2875795632562099,2.0537288685058344
TYL,58,15.467807580724214,0.26668633759869337,0.15284877216929982,0.5344827586206896,1.6973093329184177,21.310344827586206,0.1206896551724138,0.3620689655172414,0.5172413793103449,0.26668633759869337,2.031022637585472
LII,53,14.727317238723204,0.27787391016458873,0.2436583701291764,0.5660377358490566,1.709656691725815,20.339622641509433,0.1320754716981132,0.37735849056603776,0.49056603773584906,0.27787391016458873,2.0229526013622685
MSCI,53,14.675199765764075,0.2768905616181901,0.05334894221924805,0.5094339622641509,1.7848770034068646,20.735849056603772,0.1320754716981132,0.32075471698113206,0.5471698113207547,0.2768905616181901,2.0157937158850223
TDG,62,15.805131948014052,0.25492148303248474,0.12994555099959154,0.5483870967741935,1.6309431745797331,21.467741935483872,0.11290322580645161,0.3870967741935484,0.5,0.25492148303248474,2.0072537646525532
BAC,56,15.00285237388086,0.2679080781050153,0.22935448972232242,0.5714285714285714,1.7118462799685212,21.375,0.14285714285714285,0.35714285714285715,0.5,0.2679080781050153,2.004840478836081
XEL,41,12.716196432527777,0.3101511325006775,-0.1817633890132614,0.4634146341463415,1.7392638708018213,19.585365853658537,0.17073170731707318,0.3902439024390244,0.43902439024390244,0.3101511325006775,1.985936233782335
ETN,54,14.558915676626597,0.2696095495671592,0.1027368854130585,0.5185185185185185,1.7061441442620178,21.77777777777778,0.14814814814814814,0.3148148148148148,0.5370370370370371,0.2696095495671592,1.981217478663448
ADM,39,12.30863555397578,0.3156060398455328,-0.15055951169888068,0.48717948717948717,1.899708416974981,22.153846153846153,0.15384615384615385,0.23076923076923078,0.6153846153846154,0.3156060398455328,1.9709590871177975
CSGP,46,13.339032592763965,0.2899789694079123,0.3023436660999282,0.5869565217391305,1.7635402742069133,20.73913043478261,0.13043478260869565,0.34782608695652173,0.5217391304347826,0.2899789694079123,1.9667330586910483
PFG,50,13.90040749613671,0.2780081499227342,0.04025100654561204,0.54,1.6682681653718496,21.38,0.18,0.38,0.44,0.2780081499227342,1.9658144803549171
NTRS,55,14.481956975861916,0.26330830865203486,0.015957071241966443,0.509090909090909,1.6913453144828836,21.69090909090909,0.16363636363636364,0.32727272727272727,0.509090909090909,0.26330830865203486,1.952746680264939
EBAY,48,13.481681957398418,0.28086837411246707,0.049782871293380035,0.5208333333333334,1.7261756633222434,21.166666666666668,0.14583333333333334,0.3541666666666667,0.5,0.28086837411246707,1.9459131768082245
DDOG,24,9.515834673892208,0.3964931114121753,-0.24264799711045792,0.4583333333333333,1.8642309567672695,16.291666666666668,0.25,0.4166666666666667,0.3333333333333333,0.3964931114121753,1.9424116189766223
TDY,60,15.034648080889777,0.2505774680148296,-0.20927373337770122,0.4666666666666667,1.6249840955457318,21.3,0.15,0.31666666666666665,0.5333333333333333,0.2505774680148296,1.9409647211125136
ADBE,59,14.89897199276773,0.25252494902996153,0.13278008298755198,0.5084745762711864,1.6009514339025466,19.966101694915253,0.15254237288135594,0.3898305084745763,0.4576271186440678,0.25252494902996153,1.939680938472226
AOS,55,14.355937114037946,0.26101703843705354,0.16057360815667843,0.5636363636363636,1.694766111702412,21.454545454545453,0.12727272727272726,0.36363636363636365,0.509090909090909,0.26101703843705354,1.935754165563067
LUV,34,11.238524418727373,0.3305448358449227,-0.1545598694336814,0.47058823529411764,1.7515822929751514,19.5,0.17647058823529413,0.38235294117647056,0.4411764705882353,0.3305448358449227,1.927391036901281
BK,53,13.924896146503304,0.2627338895566661,0.18797827696865052,0.5660377358490566,1.735215887226491,23.22641509433962,0.09433962264150944,0.32075471698113206,0.5849056603773585,0.2627338895566661,1.9127315876106203
LDOS,39,11.941490221565052,0.30619205696320645,0.10142134425439693,0.5128205128205128,1.7535585197183627,19.58974358974359,0.1794871794871795,0.358974358974359,0.46153846153846156,0.30619205696320645,1.9121687828607126
CHRW,32,10.812421665177093,0.33788817703678414,-0.25112652585413114,0.4375,1.740521029512619,16.8125,0.25,0.40625,0.34375,0.33788817703678414,1.9113841701237662
CHTR,51,13.616491089929156,0.2669900213711599,-0.034883720930233834,0.49019607843137253,1.6847113806476788,21.333333333333332,0.1568627450980392,0.3137254901960784,0.5294117647058824,0.2669900213711599,1.9066901287572646
AEE,53,13.796726228069701,0.2603155892088623,0.048011187072715844,0.5471698113207547,1.606068108443789,20.169811320754718,0.18867924528301888,0.39622641509433965,0.41509433962264153,0.2603155892088623,1.895126095333323
ACGL,54,13.889926545419048,0.25722086195220456,-0.17352588261141502,0.4444444444444444,1.5767807640427016,20.85185185185185,0.2037037037037037,0.3888888888888889,0.4074074074074074,0.25722086195220456,1.8901795889453188
AIZ,57,13.94125792780357,0.24458347241760647,0.0023035177448967412,0.5087719298245614,1.5870954178556327,19.45614035087719,0.14035087719298245,0.3684210526315789,0.49122807017543857,0.24458347241760647,1.846564722356539
EL,46,12.415888551884239,0.2699106206931356,-0.0806062511412473,0.4782608695652174,1.6880626779205532,21.82608695652174,0.15217391304347827,0.34782608695652173,0.5,0.2699106206931356,1.8306228954910049
EPAM,47,12.508945173132744,0.26614776964112224,-0.0997867803837943,0.48936170212765956,1.5955126289902954,18.76595744680851,0.19148936170212766,0.425531914893617,0.3829787234042553,0.26614776964112224,1.824617181326637
AXP,55,13.45897446946519,0.2447086267175489,0.11376015551928408,0.5454545454545454,1.7473861259720351,21.78181818181818,0.10909090909090909,0.2909090909090909,0.6,0.2447086267175489,1.8148077472419435
QCOM,40,11.43575309824415,0.28589382745610376,0.052536432169819666,0.525,1.636408361309035,18.475,0.15,0.425,0.425,0.28589382745610376,1.8081513274889405
GRMN,58,13.677183853481292,0.23581351471519468,-0.1005995789154428,0.39655172413793105,1.5362928155562372,19.67241379310345,0.20689655172413793,0.39655172413793105,0.39655172413793105,0.23581351471519468,1.7959022233672228
EA,54,12.994191805904343,0.24063318159082117,0.06168874197065706,0.5370370370370371,1.5304891009392643,17.796296296296298,0.2037037037037037,0.4444444444444444,0.35185185185185186,0.24063318159082117,1.7682855302399951
JCI,60,13.680099881647175,0.2280016646941196,-0.06835124184656405,0.48333333333333334,1.5337266944205312,18.266666666666666,0.16666666666666666,0.4,0.43333333333333335,0.2280016646941196,1.7660933005357855
HUM,47,11.97816298405932,0.25485453157573024,-0.0925672712262324,0.44680851063829785,1.554084264263475,18.127659574468087,0.1702127659574468,0.44680851063829785,0.3829787234042553,0.25485453157573024,1.747194641830208
ORLY,57,13.148869732856927,0.2306819251378408,-0.04062526840161465,0.49122807017543857,1.5567991005451756,20.49122807017544,0.15789473684210525,0.38596491228070173,0.45614035087719296,0.2306819251378408,1.7416103420002198
SHW,58,13.173136607591848,0.22712304495848015,0.19373951454450666,0.5172413793103449,1.5496867298384756,22.17241379310345,0.1206896551724138,0.3448275862068966,0.5344827586206896,0.22712304495848015,1.7297175775167126
CB,54,12.662332499750441,0.23448763888426744,0.17297053446171268,0.5555555555555556,1.615855582007531,22.666666666666668,0.1111111111111111,0.3333333333333333,0.5555555555555556,0.23448763888426744,1.723125198769377
FICO,57,12.967288514714804,0.22749628973183866,-0.16284779050736556,0.49122807017543857,1.5311042743377263,21.894736842105264,0.12280701754385964,0.3684210526315789,0.5087719298245614,0.22749628973183866,1.717559322113767
ABT,58,13.014494118758714,0.22438782963377094,0.12283832322495693,0.5172413793103449,1.5368040363294047,19.137931034482758,0.1724137931034483,0.39655172413793105,0.43103448275862066,0.22438782963377094,1.7088867982080453
A,55,12.615144356552122,0.2293662610282204,-0.13350415818683734,0.4727272727272727,1.5280108040394211,17.69090909090909,0.18181818181818182,0.38181818181818183,0.43636363636363634,0.2293662610282204,1.7010257180282768
SRE,51,12.101189346761435,0.23727822248551833,0.07534410819624945,0.5098039215686274,1.5683411860232082,19.705882352941178,0.13725490196078433,0.39215686274509803,0.47058823529411764,0.23727822248551833,1.694505443532196
LULU,42,10.979225525292902,0.2614101315545929,-0.019255171599727852,0.47619047619047616,1.624507746716043,20.595238095238095,0.19047619047619047,0.38095238095238093,0.42857142857142855,0.2614101315545929,1.694131278542003
POOL,50,11.684393425606508,0.23368786851213016,0.21821132571132507,0.52,1.6213368577429592,22.3,0.1,0.34,0.56,0.23368786851213016,1.6524227650595753
PH,62,12.990089170936319,0.20951756727316642,-0.1803902398062749,0.46774193548387094,1.4749576844399315,20.35483870967742,0.1774193548387097,0.3709677419354839,0.45161290322580644,0.20951756727316642,1.6497429744527117
RCL,49,11.521724617922546,0.2351372371004601,0.15540597391670255,0.5510204081632653,1.6468941674644944,22.918367346938776,0.08163265306122448,0.30612244897959184,0.6122448979591837,0.2351372371004601,1.6459606597032208
CRM,49,11.476078607984356,0.23420568587723176,0.3142857142857137,0.5102040816326531,1.5592425078255077,21.224489795918366,0.12244897959183673,0.3877551020408163,0.4897959183673469,0.23420568587723176,1.6394398011406224
MMC,66,13.30599256811951,0.20160594800181075,0.12726970296620863,0.5454545454545454,1.5479420300710478,20.893939393939394,0.10606060606060606,0.3333333333333333,0.5606060606060606,0.20160594800181075,1.637854464169751
DE,49,11.445911201719445,0.23359002452488664,-0.3242507382662796,0.46938775510204084,1.500541736466219,21.040816326530614,0.12244897959183673,0.40816326530612246,0.46938775510204084,0.23359002452488664,1.6351301716742066
KEYS,38,10.062855216720555,0.26481197938738305,-0.4013369109824406,0.42105263157894735,1.550871291137566,17.394736842105264,0.21052631578947367,0.42105263157894735,0.3684210526315789,0.26481197938738305,1.6324106738895159
ACN,56,12.210233852415152,0.21803989022169915,0.29855755060839156,0.6071428571428571,1.566714453502445,21.482142857142858,0.08928571428571429,0.375,0.5357142857142857,0.21803989022169915,1.6316611317187997
CDNS,64,13.037801490643576,0.20371564829130587,0.05012428592978395,0.5,1.4507921756987217,19.765625,0.140625,0.4375,0.421875,0.20371564829130587,1.629725186330447
CPT,46,11.017311482371486,0.23950677135590187,0.09547764310852412,0.5217391304347826,1.5826522432481747,21.58695652173913,0.10869565217391304,0.3695652173913043,0.5217391304347826,0.23950677135590187,1.6244139565286615
IRM,47,11.123376061178988,0.2366675757697657,0.08398996089417998,0.5106382978723404,1.5686799316200633,21.29787234042553,0.14893617021276595,0.3617021276595745,0.48936170212765956,0.2366675757697657,1.6225111545917568
GOOGL,52,11.67392003492518,0.22449846221009961,0.23533616366858334,0.5384615384615384,1.6262662302704638,22.173076923076923,0.07692307692307693,0.3269230769230769,0.5961538461538461,0.22449846221009961,1.6188814335226576
AEP,45,10.792311943815667,0.23982915430701482,-0.28445747800586507,0.4444444444444444,1.5566674611191573,20.755555555555556,0.15555555555555556,0.35555555555555557,0.4888888888888889,0.23982915430701482,1.608822876050315
BF.B,33,9.21083461324883,0.27911620040147966,-0.08208576881784563,0.48484848484848486,1.6450308405789769,18.454545454545453,0.18181818181818182,0.3939393939393939,0.42424242424242425,0.27911620040147966,1.6034004988699628
CFG,29,8.631117152881083,0.29762472940969253,0.014699412933663258,0.5172413793103449,1.8922269017156292,23.310344827586206,0.1724137931034483,0.2413793103448276,0.5862068965517241,0.29762472940969253,1.6027582185500058
TT,66,12.991417214862471,0.1968396547706435,0.0947075888192151,0.5454545454545454,1.4859666274733985,20.727272727272727,0.12121212121212122,0.36363636363636365,0.5151515151515151,0.1968396547706435,1.599132914911992
SPG,44,10.567507748510636,0.24017063064796898,0.008474839463996393,0.5227272727272727,1.6103575632903293,20.704545454545453,0.18181818181818182,0.36363636363636365,0.45454545454545453,0.24017063064796898,1.5931117350446886
BALL,43,10.413450118829962,0.242173258577441,-0.04242572441618666,0.46511627906976744,1.5599602755704338,19.58139534883721,0.18604651162790697,0.3953488372093023,0.4186046511627907,0.242173258577441,1.5880362553514613
AIG,50,11.210429804117851,0.22420859608235702,-0.01344906046744512,0.48,1.546837715771727,19.54,0.12,0.38,0.5,0.22420859608235702,1.5853941869015025
ADP,60,12.149157247289835,0.20248595412149725,-0.24324364395341824,0.4666666666666667,1.434225531906823,18.75,0.18333333333333332,0.43333333333333335,0.38333333333333336,0.20248595412149725,1.568449456306956
AMAT,54,11.464266278238222,0.21230122737478188,-0.17049560085840215,0.48148148148148145,1.4704015572141587,20.462962962962962,0.18518518518518517,0.3888888888888889,0.42592592592592593,0.21230122737478188,1.5600890365044224
GS,48,10.772000276818337,0.22441667243371535,0.14497903718996571,0.5416666666666666,1.5733434137850149,21.375,0.125,0.375,0.5,0.22441667243371535,1.5548043148829473
MHK,56,11.466754552218198,0.20476347414675353,0.14639715650019805,0.5357142857142857,1.4940328508548517,19.089285714285715,0.125,0.39285714285714285,0.48214285714285715,0.20476347414675353,1.5323095311653907
EMN,50,10.798826976813372,0.21597653953626744,-0.12370401669110159,0.46,1.5018713342794925,20.22,0.18,0.38,0.44,0.21597653953626744,1.527184756832992
NRG,38,9.147111583579711,0.24071346272578187,-0.060855647425795655,0.5,1.5924275743697593,22.763157894736842,0.10526315789473684,0.34210526315789475,0.5526315789473685,0.24071346272578187,1.4838574403299605
AXON,47,10.102620073351925,0.21494936326280692,-1.0,0.425531914893617,1.4061510491853586,16.72340425531915,0.23404255319148937,0.5106382978723404,0.2553191489361702,0.21494936326280692,1.4736185911059374
SBUX,40,9.203142349248338,0.23007855873120847,-0.0006915775119652398,0.5,1.5413746195685465,20.825,0.125,0.375,0.5,0.23007855873120847,1.455144572718878
TMO,50,10.268873182623091,0.20537746365246182,0.09153354793783583,0.52,1.5097612578854318,21.04,0.14,0.34,0.52,0.20537746365246182,1.4522379725154944
MTD,54,10.642715179399158,0.19708731813702143,-0.01616811919905688,0.48148148148148145,1.4799663167164883,19.666666666666668,0.14814814814814814,0.3888888888888889,0.46296296296296297,0.19708731813702143,1.448290092627837
TJX,55,10.72466999125418,0.1949939998409851,-0.08073394495412799,0.4909090909090909,1.477820851194147,20.01818181818182,0.16363636363636364,0.36363636363636365,0.4727272727272727,0.1949939998409851,1.4461142066134456
RMD,49,10.118554241261325,0.20650110696451685,-0.35033377837116214,0.40816326530612246,1.4390995067230234,21.20408163265306,0.14285714285714285,0.3673469387755102,0.4897959183673469,0.20650110696451685,1.445507748751618
C,51,10.237496232162547,0.2007352202384813,0.025998953062293512,0.5098039215686274,1.5435665123561577,22.352941176470587,0.13725490196078433,0.3333333333333333,0.5294117647058824,0.2007352202384813,1.4335362084209005
MS,54,10.530616503781527,0.19501141673669495,0.025885832594243954,0.5185185185185185,1.5465099164185063,22.333333333333332,0.1111111111111111,0.3148148148148148,0.5740740740740741,0.19501141673669495,1.4330353950664503
CMI,55,10.614560196192553,0.19299200356713733,-0.39258795542756963,0.43636363636363634,1.4139856888597366,17.836363636363636,0.16363636363636364,0.41818181818181815,0.41818181818181815,0.19299200356713733,1.4312670048761647
KLAC,51,10.175249419060371,0.19951469449137982,-0.06569587013607091,0.49019607843137253,1.5181790225446414,21.980392156862745,0.11764705882352941,0.3333333333333333,0.5490196078431373,0.19951469449137982,1.4248199111527815
NVDA,60,10.992492782438996,0.18320821304064994,0.013699958685077028,0.5,1.4308155097186293,20.566666666666666,0.1,0.4,0.5,0.18320821304064994,1.4191247159897153
AVY,47,9.690837099220674,0.20618802338767392,0.049093508350120135,0.5106382978723404,1.5293482150344933,21.70212765957447,0.10638297872340426,0.3617021276595745,0.5319148936170213,0.20618802338767392,1.4135538710853048
ULTA,49,9.735427622699378,0.19868219638161996,0.0367583212735161,0.5102040816326531,1.5121611355684417,21.306122448979593,0.12244897959183673,0.32653061224489793,0.5510204081632653,0.19868219638161996,1.3907753746713398
ROL,55,10.21667677336812,0.185757759515784,-0.11636851344155007,0.4727272727272727,1.4547369964263885,19.89090909090909,0.10909090909090909,0.36363636363636365,0.5272727272727272,0.185757759515784,1.3776164150872372
UNP,59,10.535197835046077,0.1785626751702725,0.11112400626704591,0.559322033898305,1.4549583499570202,22.06779661016949,0.0847457627118644,0.3559322033898305,0.559322033898305,0.1785626751702725,1.3715659331121821
BRO,48,9.486001616417074,0.1976250336753557,0.1965911200443078,0.5833333333333334,1.5686705108385088,23.958333333333332,0.08333333333333333,0.2916666666666667,0.625,0.1976250336753557,1.3691863966929054
MCK,59,10.511407201925772,0.17815944410043683,0.08138708818044575,0.5084745762711864,1.4557044627694056,20.661016949152543,0.13559322033898305,0.3559322033898305,0.5084745762711864,0.17815944410043683,1.3684686564947053
AJG,66,11.06025112722599,0.16757956253372713,-0.23533671012269974,0.4696969696969697,1.3487159305812935,19.12121212121212,0.12121212121212122,0.45454545454545453,0.42424242424242425,0.16757956253372713,1.3614228018560928
KO,39,8.482447626804301,0.21749865709754618,-0.09802062344435139,0.48717948717948717,1.4855549023955525,18.615384615384617,0.1794871794871795,0.4358974358974359,0.38461538461538464,0.21749865709754618,1.3582786782285154
TROW,43,8.814789419650172,0.20499510278256214,-0.10000156399067778,0.4883720930232558,1.4543859498920289,20.767441860465116,0.13953488372093023,0.3953488372093023,0.46511627906976744,0.20499510278256214,1.3442427842796212
TECH,43,8.811131435808878,0.20491003339090416,-0.2900367236148816,0.4186046511627907,1.450916655988902,19.697674418604652,0.20930232558139536,0.37209302325581395,0.4186046511627907,0.20491003339090416,1.3436849469735241
IBKR,20,5.948846044318061,0.29744230221590306,-0.06341179351486831,0.5,1.7018465862809085,18.05,0.15,0.4,0.45,0.29744230221590306,1.3302024142775912
FE,42,8.569754217185281,0.20404176707584,0.09939644746214152,0.5476190476190477,1.5062092873144275,20.071428571428573,0.16666666666666666,0.35714285714285715,0.47619047619047616,0.20404176707584,1.3223417840634535
GOOG,37,8.010980604327592,0.21651298930615115,0.10294007068200385,0.5135135135135135,1.5624648669707564,19.45945945945946,0.13513513513513514,0.35135135135135137,0.5135135135135135,0.21651298930615115,1.3169970986743154
CMCSA,53,9.504688821571111,0.17933375135039833,-0.061991668319777794,0.49056603773584906,1.463748290288572,21.58490566037736,0.07547169811320754,0.33962264150943394,0.5849056603773585,0.17933375135039833,1.3055694166878085
CPAY,54,9.536032282943607,0.1765931904248816,-0.035887267925001506,0.5,1.4104635502444656,19.14814814814815,0.12962962962962962,0.4074074074074074,0.46296296296296297,0.1765931904248816,1.2976896257733121
JPM,60,10.000830997132246,0.16668051661887076,0.12941410943710546,0.5333333333333333,1.4462880055667684,21.55,0.11666666666666667,0.35,0.5333333333333333,0.16668051661887076,1.2911017300042702
BIIB,28,6.828294862516089,0.2438676736612889,-0.07438843144864218,0.4642857142857143,1.5409844669015196,18.25,0.21428571428571427,0.39285714285714285,0.39285714285714285,0.2438676736612889,1.2904264346312537
HSY,50,9.09560815581697,0.1819121631163394,0.016757015313998504,0.5,1.4139438893690854,19.04,0.12,0.42,0.46,0.1819121631163394,1.2863132411987694
SNPS,54,9.448555995963613,0.17497325918451134,0.10616761158980922,0.5185185185185185,1.415049065251891,20.925925925925927,0.09259259259259259,0.3888888888888889,0.5185185185185185,0.17497325918451134,1.2857856109014092
GNRC,46,8.716753285792354,0.18949463664765986,-0.21189719130895618,0.43478260869565216,1.4121004473610186,19.608695652173914,0.1956521739130435,0.41304347826086957,0.391304347826087,0.18949463664765986,1.2852151557768516
CINF,43,8.426822587382732,0.19597261831122634,0.03603603603603476,0.5116279069767442,1.4769566368600557,22.27906976744186,0.06976744186046512,0.3488372093023256,0.5813953488372093,0.19597261831122634,1.2850783970223671
WSM,49,8.881135258397613,0.18124765833464518,-0.22450819672131142,0.4489795918367347,1.3865212896201773,19.73469387755102,0.14285714285714285,0.42857142857142855,0.42857142857142855,0.18124765833464518,1.2687336083425163
EG,51,9.056770886400743,0.1775837428706028,-0.018202213580616813,0.45098039215686275,1.4454644557047802,20.176470588235293,0.11764705882352941,0.37254901960784315,0.5098039215686274,0.1775837428706028,1.2682015897831667
DLR,49,8.86280365065961,0.18087354389101243,0.02337064593247933,0.5102040816326531,1.4369593707798012,19.26530612244898,0.14285714285714285,0.3673469387755102,0.4897959183673469,0.18087354389101243,1.266114807237087
HPQ,46,8.523747146182728,0.18529885100397236,0.03204690893503959,0.5217391304347826,1.421582947265293,21.23913043478261,0.10869565217391304,0.3695652173913043,0.5217391304347826,0.18529885100397236,1.2567579530029034
CAT,47,8.505357181568424,0.18096504641634945,0.10780365487633471,0.5531914893617021,1.4305150418724066,20.19148936170213,0.10638297872340426,0.40425531914893614,0.48936170212765956,0.18096504641634945,1.2406338529760346
TTD,32,6.927028283454721,0.21646963385796003,-0.31682279227023163,0.4375,1.4385653893039474,19.75,0.15625,0.4375,0.40625,0.21646963385796003,1.2245371681754609
PPG,44,8.102691810236815,0.18415208659629123,0.12710063644363923,0.5227272727272727,1.4687260654596415,20.227272727272727,0.11363636363636363,0.36363636363636365,0.5227272727272727,0.18415208659629123,1.2215267512018677
IFF,49,8.511523232478927,0.17370455576487606,-0.13019000703729733,0.4897959183673469,1.3875569768233427,18.693877551020407,0.16326530612244897,0.42857142857142855,0.40816326530612246,0.17370455576487606,1.2159318903541325
RTX,56,9.085459071200916,0.16224034055715922,-0.1044762449651691,0.48214285714285715,1.3737032386906776,20.321428571428573,0.14285714285714285,0.39285714285714285,0.4642857142857143,0.16224034055715922,1.2140955373568294
PAYC,31,6.733933630379044,0.21722366549609817,0.16390491114593397,0.5161290322580645,1.5164495819297645,22.580645161290324,0.12903225806451613,0.3870967741935484,0.4838709677419355,0.21722366549609817,1.2094501835124847
ISRG,53,8.67296105341275,0.1636407745926934,-0.1315682281059059,0.49056603773584906,1.3585300991672828,19.71698113207547,0.16981132075471697,0.41509433962264153,0.41509433962264153,0.1636407745926934,1.1913228214017915
ABBV,42,7.693064548872401,0.183168203544581,-0.15232656627716706,0.4523809523809524,1.3937729428085879,20.5,0.16666666666666666,0.42857142857142855,0.40476190476190477,0.183168203544581,1.187065631365621
GE,49,8.304279469502186,0.16947509121433033,-0.20705836559046698,0.4489795918367347,1.3937783800365162,21.510204081632654,0.14285714285714285,0.3673469387755102,0.4897959183673469,0.16947509121433033,1.1863256385003123
NVR,55,8.760207473765048,0.15927649952300088,0.07758276100149132,0.509090909090909,1.3698059986283009,21.236363636363638,0.05454545454545454,0.41818181818181815,0.5272727272727272,0.15927649952300088,1.1812261347923723
WEC,45,7.873599293389113,0.17496887318642473,-0.4671940717003787,0.4,1.3448766397891456,19.288888888888888,0.13333333333333333,0.4666666666666667,0.4,0.17496887318642473,1.1737268831741579
HAS,48,8.131815490029227,0.16941282270894223,-0.16705970082523713,0.4375,1.3775931911789105,20.229166666666668,0.125,0.3958333333333333,0.4791666666666667,0.16941282270894223,1.1737264655421855
CPRT,56,8.665529631716948,0.15474160056637407,-0.13499524323241685,0.4642857142857143,1.3277876369582113,19.767857142857142,0.16071428571428573,0.44642857142857145,0.39285714285714285,0.15474160056637407,1.1579801056007923
CMG,51,8.242628966601966,0.16162017581572483,-0.1349165728324292,0.45098039215686275,1.3407388703279979,18.764705882352942,0.17647058823529413,0.45098039215686275,0.37254901960784315,0.16162017581572483,1.1541989181965109
MDT,51,8.240833133067671,0.16158496339348374,-0.18289334741288274,0.45098039215686275,1.3699113545090125,21.784313725490197,0.13725490196078433,0.37254901960784315,0.49019607843137253,0.16158496339348374,1.1539474512032806
COF,48,7.939074044776072,0.16539737593283485,-0.07593943027171102,0.4583333333333333,1.4119833345748438,22.645833333333332,0.14583333333333334,0.3541666666666667,0.5,0.16539737593283485,1.145906634216959
WELL,50,8.03071783020911,0.1606143566041822,0.0008920591119324032,0.5,1.3699762108437268,21.14,0.1,0.4,0.5,0.1606143566041822,1.1357150071073157
MPC,55,8.41103452419758,0.152927900439956,-0.030984751746414442,0.4909090909090909,1.3727534127822858,21.454545454545453,0.10909090909090909,0.36363636363636365,0.5272727272727272,0.152927900439956,1.1341436638775177
XYZ,23,5.407605271271208,0.2351132726639656,0.02399999999999992,0.5217391304347826,1.56174018318046,21.782608695652176,0.13043478260869565,0.391304347826087,0.4782608695652174,0.2351132726639656,1.1275636445910648
ICE,68,9.243879644063734,0.13593940653034903,-0.14128072978967093,0.4411764705882353,1.307883143297134,18.764705882352942,0.16176470588235295,0.39705882352941174,0.4411764705882353,0.13593940653034903,1.1209850636168164
FSLR,31,6.241151513004554,0.20132746816143723,-0.4482993197278908,0.45161290322580644,1.4219130547310568,18.580645161290324,0.22580645161290322,0.41935483870967744,0.3548387096774194,0.20132746816143723,1.120943902488046
MPWR,58,8.510943779286679,0.14674040998770135,0.06080172873685109,0.5517241379310345,1.396445097354719,22.5,0.08620689655172414,0.3103448275862069,0.603448275862069,0.14674040998770135,1.1175416679277796
LYV,55,8.192069437939821,0.1489467170534513,-0.14070351758794014,0.4727272727272727,1.330203799898906,19.436363636363637,0.14545454545454545,0.41818181818181815,0.43636363636363634,0.1489467170534513,1.1046184176696714
WM,47,7.535942164197229,0.16033919498291976,-0.027703306523682067,0.46808510638297873,1.398459062974566,21.914893617021278,0.0425531914893617,0.3829787234042553,0.574468085106383,0.16033919498291976,1.0992301397092539
SCHW,54,8.07478101547192,0.14953298176799854,-0.15301232851288782,0.48148148148148145,1.3343792105300403,22.444444444444443,0.1111111111111111,0.3888888888888889,0.5,0.14953298176799854,1.0988385151454891
DASH,20,4.86110889813552,0.24305544490677602,-0.02941727731140855,0.5,1.5887365059534693,18.8,0.15,0.4,0.45,0.24305544490677602,1.0869769942260126
MAA,42,6.9854484269660455,0.1663202006420487,-0.05893912316771937,0.47619047619047616,1.3988131876880958,21.761904761904763,0.11904761904761904,0.35714285714285715,0.5238095238095238,0.1663202006420487,1.077878093268286
NSC,49,7.524037235915886,0.153551780324814,-0.061116117404737894,0.4489795918367347,1.3589827436471926,19.6734693877551,0.12244897959183673,0.40816326530612246,0.46938775510204084,0.153551780324814,1.074862462273698
UNH,55,7.814410740425567,0.14208019528046484,0.02414282815987012,0.509090909090909,1.3259316204049583,21.490909090909092,0.10909090909090909,0.4,0.4909090909090909,0.14208019528046484,1.0536949292852398
GEN,46,7.134129477561983,0.15508977125134746,-0.4851178041652441,0.41304347826086957,1.301668707978131,17.5,0.17391304347826086,0.4782608695652174,0.34782608695652173,0.15508977125134746,1.051870005634053
TSCO,48,7.248857847335193,0.1510178718194832,0.013085497417020238,0.5,1.3476166079704475,20.5,0.125,0.4166666666666667,0.4583333333333333,0.1510178718194832,1.0462825073690762
ATO,56,7.827291409175066,0.1397730608781262,-0.24398212712432477,0.44642857142857145,1.307830200790056,19.875,0.14285714285714285,0.4107142857142857,0.44642857142857145,0.1397730608781262,1.0459658114132893
CSCO,50,7.382333456559154,0.14764666913118307,-0.1544722886009496,0.48,1.3410474906116219,20.02,0.16,0.4,0.44,0.14764666913118307,1.0440196096226606
FOXA,20,4.633527169097428,0.2316763584548714,0.014298715309957244,0.5,1.5953180744117506,19.8,0.1,0.35,0.55,0.2316763584548714,1.0360881725694011
INTU,58,7.744585270119403,0.133527332243438,0.03858834754319238,0.5344827586206896,1.3383534967985722,21.879310344827587,0.08620689655172414,0.3275862068965517,0.5862068965517241,0.133527332243438,1.0169138657973298
EQR,46,6.7859320257835,0.14752026143007607,0.02101374755705149,0.5,1.3448887330013803,19.41304347826087,0.10869565217391304,0.41304347826086957,0.4782608695652174,0.14752026143007607,1.000531092215683
FFIV,39,6.213714475578742,0.1593260121943267,-0.21260647359454912,0.46153846153846156,1.3663985375610876,19.71794871794872,0.1794871794871795,0.38461538461538464,0.4358974358974359,0.1593260121943267,0.9949906272463691
JKHY,55,7.229046258830144,0.13143720470600262,-0.19106263194933085,0.45454545454545453,1.290159242324671,20.363636363636363,0.10909090909090909,0.4,0.4909090909090909,0.13143720470600262,0.9747643986887395
DOV,67,7.958755818085594,0.11878740026993424,-0.03839523323346751,0.4925373134328358,1.2604945846002709,18.761194029850746,0.14925373134328357,0.43283582089552236,0.417910447761194,0.11878740026993424,0.9723167760630285
MTCH,28,5.080629816863702,0.18145106488798937,0.016187338578303116,0.5,1.4152075010269156,19.035714285714285,0.14285714285714285,0.39285714285714285,0.4642857142857143,0.18145106488798937,0.960148785642928
NEE,52,6.893848810072538,0.13257401557831805,-0.17568582320769172,0.5,1.2851312623942919,18.26923076923077,0.09615384615384616,0.4423076923076923,0.46153846153846156,0.13257401557831805,0.9560048219235748
BAX,40,6.0231638282905715,0.1505790957072643,-0.08560301943095766,0.475,1.3188767703687523,18.05,0.175,0.45,0.375,0.1505790957072643,0.9523458208868765
AMZN,62,7.463767665659466,0.12038334944612042,0.0037375283545488316,0.5,1.292634529146936,19.903225806451612,0.0967741935483871,0.3709677419354839,0.532258064516129,0.12038334944612042,0.9478994414386676
TXN,59,7.177761472700629,0.12165697411356999,0.010130904951621387,0.5084745762711864,1.3082930770252568,20.89830508474576,0.13559322033898305,0.3559322033898305,0.5084745762711864,0.12165697411356999,0.9344649494110094
ELV,48,6.288582203805392,0.13101212924594566,0.004606173959445592,0.5,1.311409199164563,21.3125,0.10416666666666667,0.3958333333333333,0.5,0.13101212924594566,0.9076786570470332
CNC,49,6.348315519355461,0.1295574595786829,-0.01134751773049621,0.4897959183673469,1.2913497978863469,19.816326530612244,0.10204081632653061,0.42857142857142855,0.46938775510204084,0.1295574595786829,0.9069022170507802
AON,56,6.722324247860921,0.12004150442608787,-0.2072735345123391,0.48214285714285715,1.2653947874196068,20.178571428571427,0.14285714285714285,0.4107142857142857,0.44642857142857145,0.12004150442608787,0.8983083635106569
WAB,59,6.810227293245347,0.11542758124144657,-0.11503892872618406,0.4745762711864407,1.2520710744989332,20.406779661016948,0.1016949152542373,0.4406779661016949,0.4576271186440678,0.11542758124144657,0.8866160748394957
EVRG,41,5.652624015641647,0.1378688784302841,-0.19767485467841642,0.4634146341463415,1.3065448217873274,21.878048780487806,0.07317073170731707,0.3902439024390244,0.5365853658536586,0.1378688784302841,0.8827915570646349
STE,53,6.395349538853958,0.12066697243120676,0.0029652082235109185,0.5094339622641509,1.2741099125753172,19.528301886792452,0.1320754716981132,0.41509433962264153,0.4528301886792453,0.12066697243120676,0.878468819305968
DVA,51,6.24902943961626,0.12252998901208353,-0.4584942084942085,0.45098039215686275,1.2524966645908242,18.137254901960784,0.19607843137254902,0.43137254901960786,0.37254901960784315,0.12252998901208353,0.8750391468799364
ALL,65,6.943838268069773,0.10682828104722727,0.08859045254486028,0.5230769230769231,1.2375597402290954,19.092307692307692,0.09230769230769231,0.4307692307692308,0.47692307692307695,0.10682828104722727,0.8612771366104232
IBM,40,5.444968460119856,0.13612421150299642,-0.3442873196709507,0.425,1.2750559551314982,16.3,0.2,0.475,0.325,0.13612421150299642,0.8609251060879223
AMT,47,5.853400248223936,0.12454043081327523,-0.5592587654979323,0.425531914893617,1.2404583413397223,18.02127659574468,0.14893617021276595,0.46808510638297873,0.3829787234042553,0.12454043081327523,0.8538061774409583
PGR,50,5.990370224933669,0.11980740449867339,-0.0026389546570793204,0.5,1.295765789542225,21.06,0.1,0.36,0.54,0.11980740449867339,0.8471662815737163
PTC,40,5.2639298493531825,0.13159824623382957,-1.0,0.45,1.2499048499014709,17.725,0.175,0.525,0.3,0.13159824623382957,0.8323003883651536
D,47,5.683162350657853,0.1209183478863373,-0.2576092501275312,0.40425531914893614,1.246815664293319,18.382978723404257,0.1702127659574468,0.44680851063829785,0.3829787234042553,0.1209183478863373,0.8289744279598622
GLW,42,5.333432543984244,0.12698648914248198,-0.023807425684408242,0.47619047619047616,1.30512319228779,20.285714285714285,0.11904761904761904,0.35714285714285715,0.5238095238095238,0.12698648914248198,0.8229665083336108
SYF,32,4.649023488737403,0.14528198402304385,-0.14573331388501168,0.4375,1.318488284604259,20.40625,0.15625,0.4375,0.40625,0.14528198402304385,0.8218390086954397
ORCL,49,5.718999618799166,0.11671427793467685,-0.8500048333566047,0.42857142857142855,1.2221667227430453,17.387755102040817,0.16326530612244897,0.4897959183673469,0.3469387755102041,0.11671427793467685,0.816999945542738
BR,63,6.329222524483105,0.10046384959496991,-0.10278939289684112,0.4126984126984127,1.2263159520917628,20.158730158730158,0.12698412698412698,0.3968253968253968,0.47619047619047616,0.10046384959496991,0.7974070853414625
SBAC,42,5.0817049559337235,0.12099297514127913,-0.021785151825474497,0.5,1.2625740707709208,19.095238095238095,0.14285714285714285,0.4523809523809524,0.40476190476190477,0.12099297514127913,0.7841240982195382
DTE,53,5.672731680216383,0.10703267321162988,-0.29051782111634133,0.41509433962264153,1.2240094187633803,19.07547169811321,0.11320754716981132,0.4339622641509434,0.4528301886792453,0.10703267321162988,0.7792096227241166
NKE,46,5.251246156853398,0.11415752514898692,0.058306692104746045,0.5,1.2523456353654245,18.934782608695652,0.13043478260869565,0.43478260869565216,0.43478260869565216,0.11415752514898692,0.7742540056173508
AMGN,40,4.87214002076653,0.12180350051916325,-0.2146999172016712,0.4,1.2790791636802072,20.825,0.175,0.375,0.45,0.12180350051916325,0.7703529772441151
MAS,54,5.6601220003656385,0.10481707408084516,-0.21957867944010356,0.46296296296296297,1.2311298188414561,19.296296296296298,0.14814814814814814,0.37037037037037035,0.48148148148148145,0.10481707408084516,0.7702450434887242
MDLZ,42,4.896347259971561,0.11657969666598955,-0.3936876394505653,0.35714285714285715,1.2312856042682239,17.523809523809526,0.19047619047619047,0.4523809523809524,0.35714285714285715,0.11657969666598955,0.7555227847913216
WFC,54,5.459666636349583,0.10110493771017746,-0.4160573457868628,0.3888888888888889,1.210412780655482,18.72222222222222,0.16666666666666666,0.42592592592592593,0.4074074074074074,0.10110493771017746,0.7429665235974355
INTC,34,4.300553149837078,0.12648685734814935,-0.026566779714398893,0.5,1.2991579510427151,20.0,0.14705882352941177,0.35294117647058826,0.5,0.12648685734814935,0.7375387805272187
CF,43,4.8190171723127015,0.1120701667979698,0.07126113455227423,0.5348837209302325,1.3211270121710943,23.53488372093023,0.11627906976744186,0.27906976744186046,0.6046511627906976,0.1120701667979698,0.7348932291859581
SPGI,61,5.728434946468224,0.09390876961423318,-0.009345946033653173,0.4918032786885246,1.209303369936734,19.442622950819672,0.13114754098360656,0.4426229508196721,0.4262295081967213,0.09390876961423318,0.7334509374443573
CARR,20,3.238150402742161,0.16190752013710805,-0.30959947274236654,0.45,1.3366341023918789,17.65,0.15,0.45,0.4,0.16190752013710805,0.7240724421899793
COP,43,4.7396163916229614,0.11022363701448748,-0.3265142485643071,0.4186046511627907,1.2254051883310206,17.74418604651163,0.18604651162790697,0.4418604651162791,0.37209302325581395,0.11022363701448748,0.7227847236474801
RL,39,4.4993294810196645,0.1153674225902478,-0.1534735397408466,0.46153846153846156,1.2778788470736833,21.46153846153846,0.1282051282051282,0.3333333333333333,0.5384615384615384,0.1153674225902478,0.7204693231564797
WAT,36,4.235527128506483,0.11765353134740231,-0.09389867519721246,0.4722222222222222,1.2924119995151946,23.02777777777778,0.05555555555555555,0.3333333333333333,0.6111111111111112,0.11765353134740231,0.7059211880844138
FITB,50,4.984993625205971,0.09969987250411942,-0.037976594203524235,0.48,1.2287092301137321,20.94,0.12,0.38,0.5,0.09969987250411942,0.7049845593109706
OKE,57,5.3007427225277315,0.09299548636013565,-0.3447898801781786,0.47368421052631576,1.1942394163457453,18.403508771929825,0.14035087719298245,0.45614035087719296,0.40350877192982454,0.09299548636013565,0.7021005252465035
ROK,59,5.324990296740755,0.0902540728261145,-0.3014617502229459,0.4406779661016949,1.1842856754373208,18.52542372881356,0.13559322033898305,0.4745762711864407,0.3898305084745763,0.0902540728261145,0.6932546877161331
PAYX,45,4.526806380139387,0.10059569733643083,-0.0743169641864702,0.4666666666666667,1.2276085030271313,21.42222222222222,0.08888888888888889,0.37777777777777777,0.5333333333333333,0.10059569733643083,0.6748164524647616
NEM,25,3.3463683247191707,0.13385473298876682,0.21279431363838247,0.52,1.3012958771725898,22.52,0.08,0.4,0.52,0.13385473298876682,0.6692736649438341
UPS,34,3.7697354166861357,0.11087457107900399,-0.07290612036345824,0.47058823529411764,1.2596220328446326,21.294117647058822,0.058823529411764705,0.38235294117647056,0.5588235294117647,0.11087457107900399,0.6465042903232783
DOC,39,4.021133608749568,0.10310598996793764,-0.3130165941068825,0.4358974358974359,1.207472187847866,19.28205128205128,0.15384615384615385,0.46153846153846156,0.38461538461538464,0.10310598996793764,0.6438967009726559
T,41,4.115048504217207,0.10036703668822457,-0.7780095610604085,0.36585365853658536,1.1849174123634287,16.609756097560975,0.17073170731707318,0.4878048780487805,0.34146341463414637,0.10036703668822457,0.6426626052576827
JBL,49,4.477493813821405,0.0913774247718654,-0.5855282500043236,0.42857142857142855,1.1799135868832338,19.755102040816325,0.14285714285714285,0.46938775510204084,0.3877551020408163,0.0913774247718654,0.6396419734030578
ALB,36,3.7912954410152055,0.10531376225042238,-0.35743687558113557,0.4166666666666667,1.2155234335244731,18.11111111111111,0.1111111111111111,0.4444444444444444,0.4444444444444444,0.10531376225042238,0.6318825735025343
UHS,48,4.2942692692814415,0.08946394311003003,-0.3170723845595175,0.375,1.1754474904315817,18.083333333333332,0.16666666666666666,0.4791666666666667,0.3541666666666667,0.08946394311003003,0.6198243796480944
TSN,40,3.8935183489879277,0.09733795872469819,0.029617721998186856,0.525,1.2137908784034082,20.325,0.075,0.45,0.475,0.09733795872469819,0.6156193047230099
PEG,50,4.337566786394076,0.08675133572788152,-0.3771789313482429,0.42,1.1743107245724174,19.22,0.12,0.44,0.44,0.08675133572788152,0.6134245777017584
ESS,52,4.3473222135157235,0.08360235025991776,0.12069226350195388,0.5192307692307693,1.190583896811197,20.134615384615383,0.07692307692307693,0.4230769230769231,0.5,0.08360235025991776,0.6028651212228673
TRV,51,4.249436248539926,0.0833222793831358,-0.11416943554253585,0.43137254901960786,1.1831115366518574,20.49019607843137,0.13725490196078433,0.4117647058823529,0.45098039215686275,0.0833222793831358,0.5950400947177158
EXR,50,4.195294987106978,0.08390589974213956,-0.36661272204453044,0.42,1.16993289563168,20.2,0.08,0.44,0.48,0.08390589974213956,0.5933043068922548
PRU,46,4.002347682532189,0.08700755831591715,-0.24414702507427472,0.45652173913043476,1.1954527103218462,21.32608695652174,0.08695652173913043,0.41304347826086957,0.5,0.08700755831591715,0.5901139715245651
XYL,52,4.162218904715481,0.08004267124452849,-0.4310388741190665,0.4230769230769231,1.1653110503307413,19.096153846153847,0.09615384615384616,0.40384615384615385,0.5,0.08004267124452849,0.5771959107945089
VMC,52,4.13917681485007,0.07959955413173211,-0.6311164039169612,0.46153846153846156,1.158004547132002,19.884615384615383,0.1346153846153846,0.4230769230769231,0.4423076923076923,0.07959955413173211,0.5740005478520631
HON,51,4.096479636910773,0.08032313013550536,-0.09134737376300428,0.49019607843137253,1.195174126564216,22.470588235294116,0.09803921568627451,0.37254901960784315,0.5294117647058824,0.08032313013550536,0.5736218850192449
CLX,35,3.3830461251175588,0.09665846071764454,-0.34619289340101506,0.42857142857142855,1.1989665427160614,19.714285714285715,0.14285714285714285,0.45714285714285713,0.4,0.09665846071764454,0.5718391653171853
AWK,48,3.9485551638903096,0.08226156591438145,-0.22363364091606083,0.3958333333333333,1.1796390002270272,19.3125,0.14583333333333334,0.4166666666666667,0.4375,0.08226156591438145,0.5699248466955393
IR,32,3.200204441485285,0.10000638879641516,-1.0,0.4375,1.183893823608125,19.53125,0.125,0.53125,0.34375,0.10000638879641516,0.5657215654393882
MCD,38,3.4196807551684456,0.08999159882022226,0.008119777712507329,0.5,1.2002386338516726,22.289473684210527,0.07894736842105263,0.42105263157894735,0.5,0.08999159882022226,0.5547454719169445
BSX,55,4.0926598053713885,0.07441199646129797,-0.16494845360824859,0.4727272727272727,1.1738487273418108,21.29090909090909,0.12727272727272726,0.36363636363636365,0.509090909090909,0.07441199646129797,0.5518541355780459
AFL,54,4.048738316596135,0.07497663549252102,0.042983043971217244,0.5185185185185185,1.1654985966135005,19.22222222222222,0.07407407407407407,0.4444444444444444,0.48148148148148145,0.07497663549252102,0.5509634987619703
EW,45,3.658118388727397,0.0812915197494977,-0.4060258249641318,0.4666666666666667,1.163190768271036,19.466666666666665,0.13333333333333333,0.4888888888888889,0.37777777777777777,0.0812915197494977,0.5453200924624306
AES,30,2.977377792154408,0.09924592640514693,-0.3216809252959605,0.43333333333333335,1.2014448452019606,19.1,0.13333333333333333,0.43333333333333335,0.43333333333333335,0.09924592640514693,0.5435923263259658
MTB,47,3.6716156516170835,0.07811948194929964,-0.3158947017660787,0.48936170212765956,1.1648251867521127,19.382978723404257,0.1276595744680851,0.44680851063829785,0.425531914893617,0.07811948194929964,0.5355601858066624
IDXX,51,3.783553079264663,0.07418731527969928,-0.31977818853973955,0.4117647058823529,1.155325707363658,19.07843137254902,0.1568627450980392,0.43137254901960786,0.4117647058823529,0.07418731527969928,0.5298034023757159
RJF,48,3.6477433895471534,0.07599465394889902,0.018165725453759732,0.5,1.1987058627312968,23.291666666666668,0.0625,0.3333333333333333,0.6041666666666666,0.07599465394889902,0.5265064069724317
PNC,52,3.6486653029165663,0.0701666404407032,-0.10744216556810618,0.4807692307692308,1.1654855473850751,21.884615384615383,0.1346153846153846,0.36538461538461536,0.5,0.0701666404407032,0.5059788398720011
SYK,64,4.029768319838195,0.0629651299974718,-0.33246067547393576,0.4375,1.1331275932910039,20.359375,0.109375,0.421875,0.46875,0.0629651299974718,0.5037210399797744
ES,48,3.463375281715019,0.07215365170239622,-0.676382260185304,0.3958333333333333,1.1363623234554452,20.833333333333332,0.125,0.4583333333333333,0.4166666666666667,0.07215365170239622,0.4998951628007155
DRI,45,3.3180761939831207,0.07373502653295824,-0.5063399041022916,0.4222222222222222,1.14536065456321,18.2,0.15555555555555556,0.4666666666666667,0.37777777777777777,0.07373502653295824,0.49462959495133585
PLD,48,3.424547942953753,0.07134474881153652,-0.242555779035665,0.4375,1.1586677508462688,18.791666666666668,0.14583333333333334,0.3958333333333333,0.4583333333333333,0.07134474881153652,0.4942909191792821
AVB,48,3.4128887479152326,0.07110184891490068,-0.39067010296302374,0.3958333333333333,1.143046246679396,18.208333333333332,0.14583333333333334,0.4583333333333333,0.3958333333333333,0.07110184891490068,0.49260805933077606
KDP,53,3.5760758720096955,0.0674731296605603,-0.15142920018583333,0.49056603773584906,1.1437811639695308,17.50943396226415,0.1320754716981132,0.4339622641509434,0.4339622641509434,0.0674731296605603,0.49121179850255164
EXPE,48,3.3052084294145896,0.06885850894613728,-0.24745056484154096,0.4375,1.153452450307061,20.5,0.10416666666666667,0.375,0.5208333333333334,0.06885850894613728,0.4770657441125833
WDAY,41,3.0264543525704513,0.0738159598187915,-0.23116459821988147,0.4634146341463415,1.1576860590220637,20.51219512195122,0.12195121951219512,0.4146341463414634,0.4634146341463415,0.0738159598187915,0.47265276142507306
BXP,42,3.031534589217804,0.0721793949813763,-1.0,0.38095238095238093,1.126231588466561,16.61904761904762,0.19047619047619047,0.5476190476190477,0.2619047619047619,0.0721793949813763,0.4677759426422614
CRL,44,3.0729919145121385,0.06984072532982133,-0.35406914519239124,0.4318181818181818,1.1525575208558867,20.022727272727273,0.11363636363636363,0.4090909090909091,0.4772727272727273,0.06984072532982133,0.46327096201057544
BLK,62,3.641450621958526,0.05873307454771816,-0.3012699401112236,0.45161290322580644,1.1236398186480034,20.032258064516128,0.11290322580645161,0.43548387096774194,0.45161290322580644,0.05873307454771816,0.4624646914536555
LYB,43,3.00704030966981,0.06993116999232117,-0.15625966793853877,0.46511627906976744,1.1622449415339657,21.302325581395348,0.09302325581395349,0.37209302325581395,0.5348837209302325,0.06993116999232117,0.4585693481571589
ITW,54,3.350557106099523,0.06204735381665784,-0.22308465508906195,0.4444444444444444,1.1382145697209627,22.01851851851852,0.07407407407407407,0.3888888888888889,0.5370370370370371,0.06204735381665784,0.45595307022222614
HOLX,38,2.8073680106437493,0.07387810554325656,0.035338535226223676,0.5263157894736842,1.1878180618611052,20.710526315789473,0.13157894736842105,0.34210526315789475,0.5263157894736842,0.07387810554325656,0.4554152283236707
GL,53,3.211200320070078,0.06058868528434109,-0.10413223140495798,0.4716981132075472,1.1294239457196817,19.11320754716981,0.09433962264150944,0.4528301886792453,0.4528301886792453,0.06058868528434109,0.44109228691703656
UDR,51,3.1033042729441136,0.06084910339106105,-0.2505033074489508,0.43137254901960786,1.1273926145867035,18.41176470588235,0.09803921568627451,0.45098039215686275,0.45098039215686275,0.06084910339106105,0.4345495168082666
BA,43,2.828879291839797,0.06578789050790225,-1.0,0.4418604651162791,1.1227807223851471,18.674418604651162,0.11627906976744186,0.5348837209302325,0.3488372093023256,0.06578789050790225,0.43140004764908013
VZ,43,2.8002582440978907,0.06512228474646257,-1.0,0.4418604651162791,1.1203044827282405,15.976744186046512,0.18604651162790697,0.5348837209302325,0.27906976744186046,0.06512228474646257,0.4270353787870182
APTV,47,2.9159586526996994,0.062041673461695736,-0.12083401740272484,0.48936170212765956,1.1545454881971908,22.53191489361702,0.06382978723404255,0.3404255319148936,0.5957446808510638,0.062041673461695736,0.4253362840842537
IT,56,3.0957639869475693,0.05528149976692088,-0.23337745567855553,0.42857142857142855,1.1199506852495427,20.785714285714285,0.10714285714285714,0.4107142857142857,0.48214285714285715,0.05528149976692088,0.41368886390968285
TER,40,2.522724923093856,0.06306812307734641,-0.08908665207453632,0.45,1.1401355707799878,20.5,0.125,0.425,0.45,0.06306812307734641,0.3988778333524848
DVN,32,2.1816043529402362,0.06817513602938238,-0.5790939965684395,0.40625,1.1315328842015928,16.4375,0.15625,0.46875,0.375,0.06817513602938238,0.3856568079575328
TGT,35,2.1703950032405848,0.06201128580687385,-0.35273451837868963,0.4,1.1372243961479187,19.085714285714285,0.11428571428571428,0.37142857142857144,0.5142857142857142,0.06201128580687385,0.3668637142860586
PNR,53,2.6673454767337472,0.05032727314591976,-0.4021298960900203,0.4528301886792453,1.10363393714963,19.92452830188679,0.09433962264150944,0.4339622641509434,0.4716981132075472,0.05032727314591976,0.3663880789301323
WDC,44,2.4159966126429406,0.0549090139237032,0.08356650647322315,0.5454545454545454,1.1297150431761107,22.15909090909091,0.022727272727272728,0.38636363636363635,0.5909090909090909,0.0549090139237032,0.3642251935866477
STX,53,2.581146240583235,0.04870087246383462,-0.0945490915152525,0.49056603773584906,1.105218365218876,19.77358490566038,0.11320754716981132,0.4528301886792453,0.4339622641509434,0.04870087246383462,0.3545477032405517
TTWO,54,2.542860508722971,0.04709000942079576,-0.1987074370599013,0.42592592592592593,1.0983614919403313,18.11111111111111,0.12962962962962962,0.4444444444444444,0.42592592592592593,0.04709000942079576,0.3460394851914073
MOS,27,1.7917014807384197,0.06635931410142296,-0.4008455718736095,0.4444444444444444,1.1367350780243177,18.85185185185185,0.1111111111111111,0.4444444444444444,0.4444444444444444,0.06635931410142296,0.3448131107372593
TFC,47,2.336423063271075,0.04971112900576755,-0.2939178201004656,0.46808510638297873,1.1079934133668703,21.72340425531915,0.0851063829787234,0.40425531914893614,0.5106382978723404,0.04971112900576755,0.3408023302595201
CHD,48,2.2885776411765817,0.04767870085784545,-0.01444249749777207,0.5,1.1108236523987736,20.8125,0.0625,0.375,0.5625,0.04767870085784545,0.33032772929866455
KMB,35,1.9354157616490895,0.05529759318997399,-0.2806379591336869,0.45714285714285713,1.1178934063695682,20.085714285714285,0.08571428571428572,0.42857142857142855,0.4857142857142857,0.05529759318997399,0.32714497312527213
EXC,33,1.8417296660551656,0.055809989880459564,-0.26205450733752644,0.45454545454545453,1.1162879080159096,20.757575757575758,0.06060606060606061,0.45454545454545453,0.48484848484848486,0.055809989880459564,0.3206039831709534
CRWD,26,1.6180680647984143,0.062233387107631315,-0.06326311552167223,0.5,1.132519019370887,18.923076923076923,0.11538461538461539,0.46153846153846156,0.4230769230769231,0.062233387107631315,0.3173292552587857
FTV,22,1.4735986240626553,0.0669817556392116,-0.1052126381680586,0.45454545454545453,1.1722429347371046,23.272727272727273,0.045454545454545456,0.3181818181818182,0.6363636363636364,0.0669817556392116,0.3141722822708
NDSN,53,2.2602067357368565,0.042645410108242576,-0.20354746831171264,0.41509433962264153,1.0925872229253115,19.49056603773585,0.09433962264150944,0.41509433962264153,0.49056603773584906,0.042645410108242576,0.3104632718614401
LH,51,2.1989718387740878,0.04311709487792329,-0.5401540154015398,0.39215686274509803,1.0841807019558285,17.88235294117647,0.17647058823529413,0.47058823529411764,0.35294117647058826,0.04311709487792329,0.30791764711738073
NTAP,49,2.097588942958557,0.04280793761139912,-0.736137667304015,0.46938775510204084,1.0827201899031762,18.367346938775512,0.12244897959183673,0.4897959183673469,0.3877551020408163,0.04280793761139912,0.29965556327979387
WMT,48,2.0296426132162497,0.04228422110867187,-0.5218398724460676,0.4375,1.0844149837833343,18.604166666666668,0.125,0.4583333333333333,0.4166666666666667,0.04228422110867187,0.2929536772747843
CNP,41,1.867668985084506,0.045552902075231855,-0.15052867336840364,0.4634146341463415,1.104416293870601,22.365853658536587,0.0975609756097561,0.3902439024390244,0.5121951219512195,0.045552902075231855,0.2916808913633222
USB,49,2.0138345440661594,0.041098664164615495,-0.2788303130148277,0.46938775510204084,1.0891491118673942,21.591836734693878,0.12244897959183673,0.40816326530612246,0.46938775510204084,0.041098664164615495,0.28769064915230846
IQV,42,1.820908069306668,0.04335495403111114,-0.10569498069498168,0.5,1.091962689367473,20.261904761904763,0.09523809523809523,0.42857142857142855,0.47619047619047616,0.04335495403111114,0.2809722150670239
DGX,51,1.983894366069875,0.03889988953078186,-0.5685441020191282,0.4117647058823529,1.075923800135704,19.11764705882353,0.1568627450980392,0.45098039215686275,0.39215686274509803,0.03889988953078186,0.277800776962302
AZO,52,1.994069153872553,0.038347483728318324,-0.5032725790566727,0.40384615384615385,1.075519136603337,19.25,0.09615384615384616,0.46153846153846156,0.4423076923076923,0.038347483728318324,0.27652763773494543
VLO,50,1.9249355311242744,0.038498710622485485,-0.39257116123618796,0.42,1.0774704178111152,16.82,0.1,0.46,0.44,0.038498710622485485,0.27222699348098056
BMY,29,1.3810685226672046,0.04762305250576568,0.021315663420090412,0.5172413793103449,1.0986477516190858,18.93103448275862,0.10344827586206896,0.4827586206896552,0.41379310344827586,0.04762305250576568,0.256457986362368
PEP,49,1.7617676727746892,0.03595444230152427,-0.26124382301368565,0.4489795918367347,1.0732967144652357,19.918367346938776,0.08163265306122448,0.46938775510204084,0.4489795918367347,0.03595444230152427,0.25168109611066986
ROP,59,1.8566646859791829,0.03146889298269801,-0.23386724487654822,0.423728813559322,1.0731725951223725,20.661016949152543,0.1016949152542373,0.3559322033898305,0.5423728813559322,0.03146889298269801,0.2417171535241831
PWR,52,1.614822673916195,0.03105428219069606,-0.13079539681118574,0.46153846153846156,1.07305617795679,21.096153846153847,0.09615384615384616,0.38461538461538464,0.5192307692307693,0.03105428219069606,0.22393561352256564
IPG,41,1.432034610207455,0.03492767341969402,-0.611114317040798,0.43902439024390244,1.0667652430719388,19.829268292682926,0.14634146341463414,0.4634146341463415,0.3902439024390244,0.03492767341969402,0.22364623223078187
ROST,48,1.5316045767714108,0.03190842868273772,-0.191133402474573,0.375,1.070652047027592,21.0625,0.125,0.4166666666666667,0.4583333333333333,0.03190842868273772,0.22106807867275918
DHI,51,1.53514616107047,0.030100905119028822,-0.09053419008343748,0.47058823529411764,1.0696943259848442,21.03921568627451,0.0784313725490196,0.39215686274509803,0.5294117647058824,0.030100905119028822,0.21496345954190343
COO,55,1.500793788903719,0.027287159798249437,-0.23696937130575077,0.43636363636363634,1.0593470142940102,20.145454545454545,0.09090909090909091,0.41818181818181815,0.4909090909090909,0.027287159798249437,0.20236699321291507
ARE,48,1.2294733945095746,0.025614029052282803,-0.9048166513376255,0.4375,1.0479124973616367,17.916666666666668,0.08333333333333333,0.5,0.4166666666666667,0.025614029052282803,0.17745919882039646
MO,43,1.1628354139725046,0.0270426840458722,-0.22609375436245405,0.4186046511627907,1.0557459904667308,19.209302325581394,0.09302325581395349,0.4418604651162791,0.46511627906976744,0.0270426840458722,0.17733073816292944
KMI,37,0.9344372166753829,0.025255059910145483,-0.33389396123658416,0.43243243243243246,1.0533886591799058,20.756756756756758,0.13513513513513514,0.40540540540540543,0.4594594594594595,0.025255059910145483,0.15362053212186966
CCL,43,0.9084023040740119,0.021125634978465393,0.04858657243816223,0.5116279069767442,1.0476169240666944,21.069767441860463,0.09302325581395349,0.4186046511627907,0.4883720930232558,0.021125634978465393,0.13853005265813081
FDX,43,0.9062819378732073,0.02107632413658622,-0.41116794030928316,0.37209302325581395,1.0410217245406133,20.046511627906977,0.13953488372093023,0.46511627906976744,0.3953488372093023,0.02107632413658622,0.13820669984392656
ECL,54,0.9272963161119551,0.017172154002073243,-0.17857119340561084,0.42592592592592593,1.0396548497728837,21.77777777777778,0.09259259259259259,0.3888888888888889,0.5185185185185185,0.017172154002073243,0.12618904526871452
BDX,44,0.7302205970913809,0.016595922661167748,-0.8036696802966774,0.4090909090909091,1.0313859695834686,18.295454545454547,0.13636363636363635,0.5,0.36363636363636365,0.016595922661167748,0.11008489703369982
TRMB,47,0.7115570555233637,0.015139511819646036,-0.17479979415137067,0.425531914893617,1.0321439567605242,19.46808510638298,0.10638297872340426,0.44680851063829785,0.44680851063829785,0.015139511819646036,0.10379126385418233
BRK.B,59,0.7266251328467154,0.012315680217740939,-0.07943925233644937,0.4745762711864407,1.0283844274523772,21.54237288135593,0.06779661016949153,0.3728813559322034,0.559322033898305,0.012315680217740939,0.09459853473661034
PSKY,42,0.5629938147085376,0.013404614635917562,-0.8859172709391419,0.38095238095238093,1.0246375338828178,17.571428571428573,0.11904761904761904,0.5,0.38095238095238093,0.013404614635917562,0.0868718316174646
FDS,35,0.5095101507722113,0.014557432879206036,-0.13948592411260724,0.4857142857142857,1.0330337309666409,22.057142857142857,0.05714285714285714,0.4,0.5428571428571428,0.014557432879206036,0.08612293435050047
BKNG,54,0.5519934234042423,0.010222100433411895,-0.33295091233391616,0.42592592592592593,1.0214075075213718,22.055555555555557,0.09259259259259259,0.42592592592592593,0.48148148148148145,0.010222100433411895,0.07511679048402575
GM,40,0.46858603251519637,0.01171465081287991,-0.42681341463896577,0.425,1.023903000220424,19.025,0.1,0.45,0.45,0.01171465081287991,0.07408995712448697
WMB,48,0.5067778484038361,0.010557871841746586,-0.5685792181040386,0.4375,1.0208769366012318,18.0,0.125,0.4583333333333333,0.4166666666666667,0.010557871841746586,0.07314708179882352
HRL,30,0.3835988228717715,0.01278662742905905,-1.0,0.4,1.0234609210531573,17.166666666666668,0.13333333333333333,0.5333333333333333,0.3333333333333333,0.01278662742905905,0.0700352427730993
MOH,48,0.4278633655709032,0.008913820116060484,-0.3004450905436212,0.4583333333333333,1.0184242653612263,19.729166666666668,0.10416666666666667,0.4583333333333333,0.4375,0.008913820116060484,0.06175675732218505
HST,41,0.3619032118266976,0.00882690760552921,-0.6880126182965344,0.36585365853658536,1.0166955188815054,18.463414634146343,0.14634146341463414,0.4878048780487805,0.36585365853658536,0.00882690760552921,0.05651978603054444
HD,54,0.3892581413370717,0.007208484098834661,-0.2357165317879321,0.46296296296296297,1.0147891650749263,20.75925925925926,0.05555555555555555,0.46296296296296297,0.48148148148148145,0.007208484098834661,0.05297132358333343
PHM,47,0.2900844207634079,0.006172008952412934,-0.12121338780969466,0.46808510638297873,1.0142012318221554,21.97872340425532,0.0425531914893617,0.3829787234042553,0.574468085106383,0.006172008952412934,0.04231316156832616
IEX,56,0.2483211624888193,0.004434306473014631,-0.1850066325135366,0.4642857142857143,1.0092887112501927,19.928571428571427,0.08928571428571429,0.4642857142857143,0.44642857142857145,0.004434306473014631,0.03318331113994939
XOM,44,0.21212751926496232,0.004821079983294598,-0.8745117187499998,0.4090909090909091,1.0088657035312802,18.477272727272727,0.11363636363636363,0.5,0.38636363636363635,0.004821079983294598,0.031979426777762124
PFE,39,0.19184780384863653,0.004919174457657347,-0.39694656488549623,0.3333333333333333,1.0098960955950436,19.41025641025641,0.1282051282051282,0.4358974358974359,0.4358974358974359,0.004919174457657347,0.030720234641842658
CPB,30,0.16249856033525933,0.005416618677841978,-1.0,0.4,1.0098704083537053,18.3,0.16666666666666666,0.5333333333333333,0.3,0.005416618677841978,0.029668042352578593
MSI,61,0.052946479582918204,0.0008679750751298067,-0.4355587344584634,0.4426229508196721,1.0017427697725507,19.0327868852459,0.11475409836065574,0.45901639344262296,0.4262295081967213,0.0008679750751298067,0.006779102049227626
BBY,36,-0.056897452437422946,-0.0015804847899284153,-0.4767709056275059,0.3611111111111111,0.9968129747210007,21.75,0.1111111111111111,0.3888888888888889,0.5,-0.0015804847899284153,-0.009482908739570492
CCI,41,-0.11064945397411696,-0.0026987671701004137,-0.5751183814033569,0.36585365853658536,0.9946955289292979,20.634146341463413,0.07317073170731707,0.43902439024390244,0.4878048780487805,-0.0026987671701004137,-0.017280541478058017
MCHP,53,-0.22368228732478412,-0.0042204205155619645,-0.3675078864353308,0.41509433962264153,0.9914184976631162,20.830188679245282,0.11320754716981132,0.4528301886792453,0.4339622641509434,-0.0042204205155619645,-0.03072512513226504
DLTR,36,-0.3276240417818399,-0.009100667827273331,-1.0,0.3611111111111111,0.9841048147929615,18.916666666666668,0.08333333333333333,0.5277777777777778,0.3888888888888889,-0.009100667827273331,-0.054604006963639984
BG,37,-0.3805202102377949,-0.01028433000642689,-1.0,0.35135135135135137,0.9820107530257188,19.0,0.13513513513513514,0.5405405405405406,0.32432432432432434,-0.01028433000642689,-0.06255713721231514
FANG,35,-0.4717171101582289,-0.01347763171880654,-0.39464420417400115,0.4,0.9725218528926627,21.142857142857142,0.08571428571428572,0.42857142857142855,0.4857142857142857,-0.01347763171880654,-0.0797347445356935
EQT,36,-0.49157634060964406,-0.01365489835026789,-0.40395334347759937,0.3888888888888889,0.9725485915241657,18.944444444444443,0.1111111111111111,0.4444444444444444,0.4444444444444444,-0.01365489835026789,-0.08192939010160734
ERIE,34,-0.5406094175876732,-0.015900276987872743,-0.7889778087587572,0.38235294117647056,0.9706376084097963,18.058823529411764,0.08823529411764706,0.47058823529411764,0.4411764705882353,-0.015900276987872743,-0.0927137502310017
MLM,55,-0.7161689038096235,-0.01302125279653861,-1.0,0.4,0.9760328892331289,17.927272727272726,0.10909090909090909,0.509090909090909,0.38181818181818183,-0.01302125279653861,-0.0965681952897798
VTR,44,-0.6710169668715652,-0.015250385610717392,-0.2619711170056,0.4090909090909091,0.9687238267188243,20.795454545454547,0.06818181818181818,0.45454545454545453,0.4772727272727273,-0.015250385610717392,-0.10115961395796914
TSLA,39,-0.6689893457812367,-0.01715357296874966,-0.40948367598859353,0.41025641025641024,0.9657535857129049,18.025641025641026,0.1282051282051282,0.46153846153846156,0.41025641025641024,-0.01715357296874966,-0.10712402885522249
F,32,-0.6141083364609257,-0.019190885514403927,-0.8216942130615156,0.40625,0.963963583325156,18.75,0.15625,0.46875,0.375,-0.019190885514403927,-0.10856004227367762
PYPL,31,-0.6072618372171101,-0.019589091523132585,-0.07347576862949573,0.4838709677419355,0.9578627019189224,18.93548387096774,0.12903225806451613,0.45161290322580644,0.41935483870967744,-0.019589091523132585,-0.10906744568271327
DHR,47,-0.8566317327563961,-0.018226207079923323,-0.15298044417818552,0.425531914893617,0.9611342604422319,21.361702127659573,0.0851063829787234,0.44680851063829785,0.46808510638297873,-0.018226207079923323,-0.12495258041533841
URI,52,-1.0566439833940107,-0.020320076603730974,-0.18950515552724442,0.4423076923076923,0.9553962589902936,22.346153846153847,0.038461538461538464,0.38461538461538464,0.5769230769230769,-0.020320076603730974,-0.14653015623221635
WYNN,44,-0.9776821202870036,-0.02222004818834099,-1.0,0.36363636363636365,0.9608139451621037,15.386363636363637,0.13636363636363635,0.5454545454545454,0.3181818181818182,-0.02222004818834099,-0.14739112532868665
TAP,29,-0.8536749395726786,-0.029437066881816503,-1.0,0.41379310344827586,0.9447724693646645,17.379310344827587,0.13793103448275862,0.5172413793103449,0.3448275862068966,-0.029437066881816503,-0.15852345659722286
LIN,28,-0.9165150737512808,-0.03273268120540289,-0.5015886367770785,0.32142857142857145,0.938081411462091,21.142857142857142,0.14285714285714285,0.4642857142857143,0.39285714285714285,-0.03273268120540289,-0.17320506842770797
SNA,46,-1.2013529095815416,-0.02611636759959873,0.01172036619103994,0.5,0.9432197437170808,22.08695652173913,0.06521739130434782,0.43478260869565216,0.5,-0.02611636759959873,-0.17712982302107974
CAH,43,-1.240720177293697,-0.028853957611481327,-0.47893182433041775,0.4186046511627907,0.9401589412141415,20.41860465116279,0.09302325581395349,0.4186046511627907,0.4883720930232558,-0.028853957611481327,-0.1892080532201046
LOW,51,-1.4338728704203234,-0.028115154321967126,-0.2855304283875711,0.43137254901960786,0.9393788210103396,22.07843137254902,0.0392156862745098,0.39215686274509803,0.5686274509803921,-0.028115154321967126,-0.20078236234776542
DECK,54,-1.5112560549949334,-0.027986223240646917,-0.8151898734177215,0.4444444444444444,0.9470214007912335,18.055555555555557,0.1111111111111111,0.5,0.3888888888888889,-0.027986223240646917,-0.20565590030161446
INVH,20,-0.9943494283012058,-0.04971747141506029,-0.31740896011126113,0.4,0.8971142262370035,22.3,0.1,0.45,0.45,-0.04971747141506029,-0.22234329150695495
NWS,32,-1.3104708753252763,-0.040952214853914884,-0.32552447552447505,0.40625,0.9145640424879055,19.09375,0.09375,0.4375,0.46875,-0.040952214853914884,-0.2316607106224934
VRSK,52,-2.097658254462445,-0.04033958181658548,-0.4341441387988499,0.38461538461538464,0.9201077192851077,19.25,0.09615384615384616,0.46153846153846156,0.4423076923076923,-0.04033958181658548,-0.29089286134094744
KEY,59,-2.3796048852114198,-0.04033228619002406,-0.5670935243066092,0.3728813559322034,0.9215899166210691,19.440677966101696,0.1016949152542373,0.4576271186440678,0.4406779661016949,-0.04033228619002406,-0.3097981685703231
NWSA,34,-1.8928807472502438,-0.055672963154418935,-0.40819821329476724,0.47058823529411764,0.8846784372285514,19.352941176470587,0.08823529411764706,0.4411764705882353,0.47058823529411764,-0.055672963154418935,-0.3246263699969117
ON,43,-2.209820487973613,-0.05139117413892124,-0.5184331797235023,0.4186046511627907,0.8987107298853324,20.046511627906977,0.09302325581395349,0.46511627906976744,0.4418604651162791,-0.05139117413892124,-0.33699446510767483
PNW,44,-2.2468799439576848,-0.051065453271765565,-0.729983330644728,0.38636363636363635,0.9045153226982748,18.65909090909091,0.09090909090909091,0.5,0.4090909090909091,-0.051065453271765565,-0.33872989650374585
PSX,36,-2.1310696224500134,-0.05919637840138926,-0.6645954991054223,0.3888888888888889,0.8889210690966919,19.61111111111111,0.1111111111111111,0.4722222222222222,0.4166666666666667,-0.05919637840138926,-0.3551782704083356
GPN,45,-2.4397693386164603,-0.054217096413699116,-0.48748841519925895,0.37777777777777777,0.8910735492432987,20.133333333333333,0.08888888888888889,0.4222222222222222,0.4888888888888889,-0.054217096413699116,-0.36369933937107385
VRSN,42,-2.387116662581085,-0.05683611101383536,-0.7777777777777781,0.42857142857142855,0.8925760909752712,19.071428571428573,0.07142857142857142,0.5,0.42857142857142855,-0.05683611101383536,-0.36834009778659005
BEN,39,-2.468510969507423,-0.0632951530642929,-0.635964912280702,0.358974358974359,0.8779575677268953,18.333333333333332,0.1282051282051282,0.48717948717948717,0.38461538461538464,-0.0632951530642929,-0.3952781041948294
WRB,47,-2.894276673990894,-0.0615803547657637,-0.22479406707895988,0.425531914893617,0.8700740891744813,19.574468085106382,0.06382978723404255,0.44680851063829785,0.48936170212765956,-0.0615803547657637,-0.4221736424442363
AKAM,40,-2.6782087148633416,-0.06695521787158354,-0.5819074807882669,0.4,0.8701316453338315,20.65,0.1,0.45,0.45,-0.06695521787158354,-0.4234619794140305
KMX,50,-3.029392497800992,-0.06058784995601984,-0.9541062801932364,0.4,0.8895891822116732,19.8,0.1,0.5,0.4,-0.06058784995601984,-0.4284207956141469
CTRA,33,-2.4743246071378593,-0.0749795335496321,-0.29946524064171093,0.36363636363636365,0.8475050408952367,19.575757575757574,0.09090909090909091,0.45454545454545453,0.45454545454545453,-0.0749795335496321,-0.4307246276840615
ED,41,-2.893081109539221,-0.07056295389120051,-1.0,0.36585365853658536,0.8788947265112919,16.853658536585368,0.07317073170731707,0.5365853658536586,0.3902439024390244,-0.07056295389120051,-0.45182336032560255
PG,51,-3.2679739504539262,-0.06407792059713581,-0.43270567420699935,0.43137254901960786,0.871773246398446,20.333333333333332,0.0784313725490196,0.45098039215686275,0.47058823529411764,-0.06407792059713581,-0.4576078837942971
IP,46,-3.176436643772555,-0.06905297051679468,-0.4919335140102131,0.391304347826087,0.8670075240578288,20.47826086956522,0.06521739130434782,0.43478260869565216,0.5,-0.06905297051679468,-0.4683400323599217
HBAN,51,-3.4230595848447907,-0.06711881538911355,-0.4336283185840707,0.4117647058823529,0.8674080067123106,20.92156862745098,0.09803921568627451,0.47058823529411764,0.43137254901960786,-0.06711881538911355,-0.4793242163099348
LKQ,42,-3.150541428019874,-0.07501289114333033,-0.6769493496112202,0.42857142857142855,0.8559799627522617,19.476190476190474,0.09523809523809523,0.5,0.40476190476190477,-0.07501289114333033,-0.4861390965378194
REGN,50,-3.4794063813454272,-0.06958812762690854,-0.3729001857170319,0.4,0.8609298361259424,19.06,0.08,0.48,0.44,-0.06958812762690854,-0.4920623693506196
CVS,47,-3.464051344704359,-0.07370322010009274,-0.3331577561232556,0.40425531914893614,0.836136814268101,21.48936170212766,0.06382978723404255,0.3829787234042553,0.5531914893617021,-0.07370322010009274,-0.5052838199435715
PPL,49,-3.710548097540758,-0.07572547137838281,-0.7880434782608693,0.3877551020408163,0.8539833855990991,19.387755102040817,0.061224489795918366,0.46938775510204084,0.46938775510204084,-0.07572547137838281,-0.5300782996486797
CTSH,39,-3.32163797018001,-0.08517020436359,-0.27044147428108545,0.38461538461538464,0.8204511155880698,21.17948717948718,0.05128205128205128,0.4358974358974359,0.5128205128205128,-0.08517020436359,-0.5318877557738021
SO,48,-3.7750075337609212,-0.07864599028668585,-1.0,0.375,0.8612454151321134,17.666666666666668,0.10416666666666667,0.5416666666666666,0.3541666666666667,-0.07864599028668585,-0.5448754039524333
J,45,-3.970904221931564,-0.08824231604292364,-0.895192538948718,0.37777777777777777,0.8370230227822563,18.644444444444446,0.1111111111111111,0.4888888888888889,0.4,-0.08824231604292364,-0.5919474514919926
PSA,43,-3.9053431895801403,-0.09082193464139861,-1.0,0.3953488372093023,0.83908730078269,17.697674418604652,0.09302325581395349,0.5348837209302325,0.37209302325581395,-0.09082193464139861,-0.5955592530691456
EOG,45,-4.09162257084874,-0.09092494601886089,-0.8821104699093163,0.37777777777777777,0.8355849740743357,18.733333333333334,0.06666666666666667,0.4888888888888889,0.4444444444444444,-0.09092494601886089,-0.6099430804460155
UAL,44,-4.06326257321691,-0.0923468766640207,-1.0,0.4090909090909091,0.8317240111593683,17.136363636363637,0.11363636363636363,0.5227272727272727,0.36363636363636365,-0.0923468766640207,-0.6125598809115672
GPC,40,-3.9296993232180024,-0.09824248308045005,-1.0,0.375,0.8208195026626944,17.7,0.15,0.525,0.325,-0.09824248308045005,-0.6213400190495544
STLD,45,-4.178960070009699,-0.09286577933354888,-1.0,0.3333333333333333,0.8402296039513175,18.11111111111111,0.1111111111111111,0.5333333333333333,0.35555555555555557,-0.09286577933354888,-0.6229625861199313
MKC,39,-3.9126161485525985,-0.10032349098852816,-0.28821959588257623,0.46153846153846156,0.793697152185469,22.128205128205128,0.05128205128205128,0.46153846153846156,0.48717948717948717,-0.10032349098852816,-0.6265200004156981
EQIX,65,-5.100146457943167,-0.0784637916606641,-1.0,0.35384615384615387,0.8603667134371195,16.784615384615385,0.09230769230769231,0.5076923076923077,0.4,-0.0784637916606641,-0.6325953122770722
COR,52,-4.565954891977172,-0.08780682484571484,-0.23956244385517267,0.46153846153846156,0.8176534661149323,20.096153846153847,0.038461538461538464,0.46153846153846156,0.5,-0.08780682484571484,-0.6331840186338205
HAL,38,-3.974622325542059,-0.10459532435636998,-0.7102979750389249,0.3684210526315789,0.8096865069557058,18.973684210526315,0.07894736842105263,0.47368421052631576,0.4473684210526316,-0.10459532435636998,-0.6447688821074891
K,33,-3.750074839517656,-0.11363863150053503,-1.0,0.36363636363636365,0.7979403894405522,19.848484848484848,0.09090909090909091,0.5151515151515151,0.3939393939393939,-0.11363863150053503,-0.6528042377216733
VRTX,45,-4.475624628893207,-0.0994583250865157,-0.4957198443579772,0.35555555555555557,0.7998875740247444,21.2,0.1111111111111111,0.4444444444444444,0.4444444444444444,-0.0994583250865157,-0.6671867274651653
LVS,38,-4.142319853582663,-0.10900841719954375,-0.36573548381929777,0.39473684210526316,0.7747017996965865,20.973684210526315,0.07894736842105263,0.42105263157894735,0.5,-0.10900841719954375,-0.6719730134263516
L,51,-4.830350559302888,-0.09471275606476251,0.051565044327846934,0.5098039215686274,0.786267651227288,21.431372549019606,0.0196078431372549,0.43137254901960786,0.5490196078431373,-0.09471275606476251,-0.6763843687065393
DAY,20,-3.029088769133215,-0.15145443845666076,-1.0,0.3,0.7374189860109667,18.75,0.1,0.55,0.35,-0.15145443845666076,-0.6773248397663036
TXT,50,-4.795879662596478,-0.09591759325192957,-0.3742150825181594,0.42,0.8043893837208537,21.22,0.04,0.46,0.5,-0.09591759325192957,-0.6782398062353243
MGM,45,-4.594188157559131,-0.10209307016798069,-0.5839207421941233,0.37777777777777777,0.8003355226604602,20.466666666666665,0.08888888888888889,0.4222222222222222,0.4888888888888889,-0.10209307016798069,-0.6848611347817821
MRK,48,-4.770135114321169,-0.09937781488169102,-0.5543694821327636,0.3333333333333333,0.8113106420925926,19.166666666666668,0.08333333333333333,0.4375,0.4791666666666667,-0.09937781488169102,-0.6885096980810532
GIS,36,-4.142779090943784,-0.11507719697066067,-1.0,0.3055555555555556,0.8130084523930398,18.0,0.1111111111111111,0.5833333333333334,0.3055555555555556,-0.11507719697066067,-0.690463181823964
TPR,27,-3.784603898638852,-0.14017051476440193,-0.6753864447086804,0.3333333333333333,0.7318318512463371,21.62962962962963,0.037037037037037035,0.4444444444444444,0.5185185185185185,-0.14017051476440193,-0.7283473598850828
EMR,46,-5.048263412073981,-0.10974485678421697,-0.4882381357829815,0.3695652173913043,0.7865290507206472,20.152173913043477,0.08695652173913043,0.45652173913043476,0.45652173913043476,-0.10974485678421697,-0.7443258326613833
OXY,26,-3.8676411299483053,-0.14875542807493483,-0.7122997756745982,0.3076923076923077,0.7434942375623114,19.73076923076923,0.07692307692307693,0.46153846153846156,0.46153846153846156,-0.14875542807493483,-0.7585068305069407
ALLE,36,-4.6371199035879425,-0.12880888621077619,-0.5190451081665715,0.3888888888888889,0.7527573500576767,20.805555555555557,0.08333333333333333,0.4722222222222222,0.4444444444444444,-0.12880888621077619,-0.7728533172646571
FRT,43,-5.088620298993179,-0.11834000695332975,-0.5957257346393594,0.3953488372093023,0.7752332028440778,19.186046511627907,0.09302325581395349,0.4883720930232558,0.4186046511627907,-0.11834000695332975,-0.7760073205619311
PODD,50,-5.591762249164637,-0.11183524498329273,-0.4035957547917,0.36,0.7790724015721536,19.16,0.06,0.46,0.48,-0.11183524498329273,-0.7907946010334511
O,40,-5.0554964190516305,-0.12638741047629076,-0.5344469604574286,0.425,0.7518082300836321,19.725,0.05,0.45,0.5,-0.12638741047629076,-0.7993441693514106
CVX,43,-5.263523183322016,-0.12240751589120968,-1.0,0.3023255813953488,0.7891093083930324,16.837209302325583,0.11627906976744186,0.5348837209302325,0.3488372093023256,-0.12240751589120968,-0.8026797603691277
JBHT,48,-5.566275601266449,-0.11596407502638435,-0.6214255958212788,0.3333333333333333,0.7905476366305334,19.416666666666668,0.125,0.4791666666666667,0.3958333333333333,-0.11596407502638435,-0.8034226791937076
DG,52,-5.938752754279207,-0.1142067837361386,-1.0,0.34615384615384615,0.805554705453535,15.173076923076923,0.1346153846153846,0.5576923076923077,0.3076923076923077,-0.1142067837361386,-0.823556829532949
HUBB,36,-5.005501486212438,-0.1390417079503455,-0.6954249336908015,0.3888888888888889,0.7356628240958539,20.13888888888889,0.05555555555555555,0.4444444444444444,0.5,-0.1390417079503455,-0.834250247702073
ADI,60,-6.5223940189312275,-0.10870656698218713,-0.36852792684042246,0.43333333333333335,0.7815563404245197,20.466666666666665,0.06666666666666667,0.4666666666666667,0.4666666666666667,-0.10870656698218713,-0.8420374470907837
RF,49,-6.136704654182075,-0.12523887049351173,-0.6808855729462335,0.42857142857142855,0.7623985441450472,20.428571428571427,0.061224489795918366,0.4897959183673469,0.4489795918367347,-0.12523887049351173,-0.8766720934545822
DUK,48,-6.420215278745957,-0.1337544849738741,-1.0,0.3541666666666667,0.7689866186514099,18.1875,0.0625,0.5208333333333334,0.4166666666666667,-0.1337544849738741,-0.9266782548598316
EXPD,46,-6.332419652215398,-0.13766129678729125,-0.5987872657973639,0.34782608695652173,0.7423188388773,17.76086956521739,0.06521739130434782,0.4782608695652174,0.45652173913043476,-0.13766129678729125,-0.9336643407163516
SWK,50,-6.664726104451629,-0.13329452208903259,-1.0,0.4,0.7538148490930363,18.34,0.02,0.52,0.46,-0.13329452208903259,-0.94253460464175
CL,50,-6.85215543342254,-0.13704310866845082,-1.0,0.36,0.7692805675852341,18.42,0.12,0.58,0.3,-0.13704310866845082,-0.9690411145434651
MET,51,-7.088616600086018,-0.1389924823546278,-1.0,0.37254901960784315,0.7357433391231858,19.176470588235293,0.058823529411764705,0.5098039215686274,0.43137254901960786,-0.1389924823546278,-0.9926048648410795
SYY,45,-7.4097744252389255,-0.16466165389419835,-1.0,0.4,0.6984994520014851,17.866666666666667,0.08888888888888889,0.5111111111111111,0.4,-0.16466165389419835,-1.1045839541849114
NUE,31,-6.343889189223079,-0.20464158674913158,-1.0,0.3225806451612903,0.662827348058913,18.451612903225808,0.0967741935483871,0.5161290322580645,0.3870967741935484,-0.20464158674913158,-1.139396133854803
IVZ,43,-7.514023687019083,-0.17474473690742054,-0.7195767195767191,0.3488372093023256,0.6790801231997431,20.674418604651162,0.023255813953488372,0.4883720930232558,0.4883720930232558,-0.17474473690742054,-1.145877869715737
HPE,27,-6.095253649221969,-0.2257501351563692,-1.0,0.3333333333333333,0.6171666048482928,17.48148148148148,0.1111111111111111,0.5185185185185185,0.37037037037037035,-0.2257501351563692,-1.1730321117191176
EIX,51,-8.499141631828687,-0.16664983591820956,-1.0,0.29411764705882354,0.7196697714231883,16.45098039215686,0.13725490196078433,0.5490196078431373,0.3137254901960784,-0.16664983591820956,-1.190117875838303
COIN,20,-5.3848795534298235,-0.26924397767149116,-1.0,0.2,0.6499888390592342,11.8,0.2,0.75,0.05,-0.26924397767149116,-1.2040956732117796
KIM,42,-7.888007584862541,-0.18780970440148906,-1.0,0.38095238095238093,0.6784418732344066,19.404761904761905,0.09523809523809523,0.5714285714285714,0.3333333333333333,-0.18780970440148906,-1.21714599487068
ADSK,56,-9.25104679764343,-0.16519726424363265,-1.0,0.3392857142857143,0.71529436192695,19.053571428571427,0.07142857142857142,0.5357142857142857,0.39285714285714285,-0.16519726424363265,-1.2362231280640696
FAST,44,-8.571806743915827,-0.19481378963445062,-1.0,0.4090909090909091,0.6523100962463951,19.84090909090909,0.045454545454545456,0.5227272727272727,0.4318181818181818,-0.19481378963445062,-1.2922484884094014
REG,42,-8.633406052257776,-0.20555728695851846,-1.0,0.35714285714285715,0.6505665655857409,17.11904761904762,0.047619047619047616,0.5238095238095238,0.42857142857142855,-0.20555728695851846,-1.332163475446374
HSIC,44,-8.934020598833643,-0.2030459227007646,-0.8213582677165356,0.4090909090909091,0.6092562653993447,19.34090909090909,0.045454545454545456,0.5,0.45454545454545453,-0.2030459227007646,-1.3468542816198843
SLB,27,-7.087135033438188,-0.2624864827199329,-0.6778533738271765,0.4074074074074074,0.4881859657166481,21.814814814814813,0.037037037037037035,0.4074074074074074,0.5555555555555556,-0.2624864827199329,-1.363919773112922
NCLH,32,-7.733779920705349,-0.24168062252204214,-1.0,0.3125,0.6085443505201784,18.09375,0.09375,0.5625,0.34375,-0.24168062252204214,-1.367152056533778
PCG,36,-8.214269545699478,-0.22817415404720773,-0.8689655172413796,0.3333333333333333,0.5946171566820788,18.63888888888889,0.027777777777777776,0.5,0.4722222222222222,-0.22817415404720773,-1.3690449242832463
SJM,32,-7.756322673480566,-0.2423850835462677,-0.9287664110230076,0.25,0.5920383305016863,19.03125,0.0625,0.5,0.4375,-0.2423850835462677,-1.3711370898722701
LEN,48,-9.521111809949247,-0.19835649604060931,-0.6016411452837783,0.3333333333333333,0.626983422044801,21.083333333333332,0.041666666666666664,0.4791666666666667,0.4791666666666667,-0.19835649604060931,-1.3742541166146807
BKR,21,-6.31119421662555,-0.30053305793455,-1.0,0.23809523809523808,0.5467795020060605,20.095238095238095,0.09523809523809523,0.6190476190476191,0.2857142857142857,-0.30053305793455,-1.377215486821624
APA,25,-7.346731307798286,-0.29386925231193145,-1.0,0.24,0.5765422008432386,14.56,0.12,0.68,0.2,-0.29386925231193145,-1.4693462615596573
APD,47,-10.128941921668481,-0.21550940258869108,-1.0,0.3191489361702128,0.6307302523082688,17.085106382978722,0.10638297872340426,0.5106382978723404,0.3829787234042553,-0.21550940258869108,-1.4774580272868407
CAG,32,-8.436168197810488,-0.26363025618157776,-1.0,0.3125,0.6051347613966261,15.9375,0.09375,0.65625,0.25,-0.26363025618157776,-1.491317934975523
WY,43,-10.042982877117485,-0.2335577413283136,-1.0,0.3023255813953488,0.6005705401021278,19.906976744186046,0.046511627906976744,0.5116279069767442,0.4418604651162791,-0.2335577413283136,-1.5315405306352452
CBRE,60,-12.359394098609485,-0.20598990164349143,-1.0,0.35,0.6331973962935242,18.65,0.05,0.5166666666666667,0.43333333333333335,-0.20598990164349143,-1.5955909171042924
OMC,45,-10.895833493578904,-0.2421296331906423,-1.0,0.35555555555555557,0.5820939700541587,18.08888888888889,0.044444444444444446,0.5555555555555556,0.4,-0.2421296331906423,-1.6242549575440965
GWW,47,-11.226600276995711,-0.2388638356807598,-1.0,0.3191489361702128,0.5821042729421279,19.04255319148936,0.0425531914893617,0.5106382978723404,0.44680851063829785,-0.2388638356807598,-1.63756795395424
DAL,46,-11.269172075482993,-0.24498200164093464,-1.0,0.34782608695652173,0.5843473883720519,18.58695652173913,0.06521739130434782,0.5652173913043478,0.3695652173913043,-0.24498200164093464,-1.6615487750553546
FCX,34,-11.227637786949971,-0.33022464079264624,-1.0,0.23529411764705882,0.5090642170834709,17.58823529411765,0.08823529411764706,0.6176470588235294,0.29411764705882354,-0.33022464079264624,-1.9255239949544893
PCAR,49,-15.208392238633568,-0.31037535180884834,-1.0,0.30612244897959184,0.4709167083277431,17.959183673469386,0.02040816326530612,0.5306122448979592,0.4489795918367347,-0.31037535180884834,-2.1726274626619384
KHC,21,-10.349787191125902,-0.4928470091012334,-1.0,0.23809523809523808,0.27092516289845353,15.619047619047619,0.0,0.6190476190476191,0.38095238095238093,-0.4928470091012334,-2.258508725238992
